Timestamp,Open,High,Low,Close,Volume,DLYQty,DLYPercentage
2020-01-01 00:00:00+05:30,3044.7,3053.0,3027.4,3039.65,110561.0,1206.0,90.95
2020-01-02 00:00:00+05:30,3047.0,3065.0,3043.05,3053.4,138428.0,8590.0,88.09
2020-01-03 00:00:00+05:30,3045.0,3060.0,3025.65,3038.8,168305.0,7834.0,98.74
2020-01-06 00:00:00+05:30,3030.0,3032.15,2995.05,3022.05,181158.0,63329.0,99.04
2020-01-07 00:00:00+05:30,3033.9,3054.0,3028.0,3036.6,159307.0,18953.0,99.36
2020-01-08 00:00:00+05:30,3020.0,3038.7,2995.0,3023.6,194024.0,70062.0,99.87
2020-01-09 00:00:00+05:30,3047.2,3049.0,2995.1,3001.1,434270.0,73771.0,99.91
2020-01-10 00:00:00+05:30,3014.95,3015.0,2978.05,2989.75,526254.0,5141.0,97.35
2020-01-13 00:00:00+05:30,2995.0,3056.25,2987.3,3045.1,420792.0,21009.0,96.37
2020-01-14 00:00:00+05:30,3058.0,3119.0,3037.15,3105.15,653300.0,46020.0,97.81
2020-01-15 00:00:00+05:30,3120.0,3133.95,3092.9,3114.2,438959.0,4680.0,95.9
2020-01-16 00:00:00+05:30,3116.0,3160.0,3115.0,3150.25,768872.0,7921.0,99.95
2020-01-17 00:00:00+05:30,3155.0,3169.0,3114.35,3124.45,294064.0,13617.0,99.59
2020-01-20 00:00:00+05:30,3143.0,3143.0,3104.4,3110.45,203111.0,16925.0,99.49
2020-01-21 00:00:00+05:30,3100.0,3130.0,3077.25,3111.25,220943.0,7242.0,99.96
2020-01-22 00:00:00+05:30,3125.5,3138.7,3088.9,3106.35,248578.0,13473.0,100.0
2020-01-23 00:00:00+05:30,3103.85,3122.9,3068.1,3112.95,203032.0,158227.0,99.93
2020-01-24 00:00:00+05:30,3113.15,3212.95,3112.05,3192.5,580192.0,7539.0,97.9
2020-01-27 00:00:00+05:30,3187.0,3210.0,3155.0,3174.2,322446.0,21888.0,99.59
2020-01-28 00:00:00+05:30,3182.9,3209.9,3136.5,3181.25,292577.0,6471.0,99.66
2020-01-29 00:00:00+05:30,3200.0,3245.5,3190.05,3214.2,434882.0,146183.0,99.8
2020-01-30 00:00:00+05:30,3208.95,3234.7,3192.45,3210.7,337850.0,3874.0,98.42
2020-01-31 00:00:00+05:30,3242.7,3274.6,3186.85,3200.7,468850.0,43715.0,99.98
2020-02-01 00:00:00+05:30,3161.0,3220.0,3080.0,3097.6,237502.0,2737.0,74.62
2020-02-03 00:00:00+05:30,3097.6,3249.0,3092.35,3230.05,657504.0,10447.0,97.98
2020-02-04 00:00:00+05:30,3235.0,3300.0,3188.0,3232.5,511585.0,8210.0,67.61
2020-02-05 00:00:00+05:30,3269.8,3318.0,3243.7,3255.95,423733.0,13711.0,81.25
2020-02-06 00:00:00+05:30,3260.35,3293.0,3236.35,3252.2,410631.0,3862.0,87.85
2020-02-07 00:00:00+05:30,3256.0,3296.0,3237.1,3251.4,450061.0,5611.0,55.87
2020-02-10 00:00:00+05:30,3270.0,3280.0,3125.0,3155.6,969115.0,538386.0,100.0
2020-02-11 00:00:00+05:30,3179.95,3198.8,3124.2,3134.7,507516.0,7341.0,97.66
2020-02-12 00:00:00+05:30,3124.2,3209.0,3124.2,3136.8,669153.0,64341.0,91.96
2020-02-13 00:00:00+05:30,3132.0,3143.65,3105.2,3135.2,319421.0,23100.0,99.79
2020-02-14 00:00:00+05:30,3116.0,3159.0,3090.3,3096.65,270506.0,4739.0,97.37
2020-02-17 00:00:00+05:30,3095.0,3112.3,3072.05,3084.1,224912.0,2760.0,88.43
2020-02-18 00:00:00+05:30,3080.0,3080.0,3020.0,3066.45,453173.0,18200.0,99.66
2020-02-19 00:00:00+05:30,3082.1,3111.0,3040.0,3082.25,462922.0,9322.0,99.33
2020-02-20 00:00:00+05:30,3079.8,3123.45,3052.25,3059.4,270720.0,10776.0,99.9
2020-02-24 00:00:00+05:30,3059.0,3065.0,3005.0,3036.2,427352.0,33005.0,99.93
2020-02-25 00:00:00+05:30,3040.0,3078.0,3018.0,3033.55,350415.0,997597.0,100.0
2020-02-26 00:00:00+05:30,3025.1,3069.9,3016.7,3041.35,366302.0,11400.0,99.99
2020-02-27 00:00:00+05:30,3036.95,3100.0,2960.0,3026.05,652385.0,13624.0,98.55
2020-02-28 00:00:00+05:30,2983.0,3020.0,2917.0,2970.2,619510.0,31086.0,99.39
2020-03-02 00:00:00+05:30,2995.0,3053.95,2925.0,2949.1,348147.0,8258.0,98.27
2020-03-03 00:00:00+05:30,2970.0,3045.5,2965.0,3026.5,399770.0,5990.0,98.31
2020-03-04 00:00:00+05:30,3048.0,3080.0,3028.0,3063.05,368498.0,7563.0,98.62
2020-03-05 00:00:00+05:30,3082.6,3165.0,3076.1,3127.15,720100.0,98000.0,99.66
2020-03-06 00:00:00+05:30,3084.9,3100.0,3013.25,3081.4,593374.0,5805.0,96.33
2020-03-09 00:00:00+05:30,3045.0,3061.8,2968.5,2996.5,607257.0,22588.0,99.37
2020-03-11 00:00:00+05:30,2982.2,3065.9,2944.1,3048.3,534597.0,9887.0,99.83
2020-03-12 00:00:00+05:30,2945.0,2968.95,2785.05,2810.65,774263.0,57669.0,99.13
2020-03-13 00:00:00+05:30,2700.0,3049.9,2410.0,2763.6,1108162.0,107424.0,92.37
2020-03-16 00:00:00+05:30,2704.8,2744.65,2602.05,2709.0,791034.0,38731.0,98.93
2020-03-17 00:00:00+05:30,2720.0,2795.75,2669.05,2686.0,567266.0,5641.0,92.05
2020-03-18 00:00:00+05:30,2728.0,2744.95,2480.0,2501.95,649481.0,3754355.0,99.99
2020-03-19 00:00:00+05:30,2389.0,2404.0,2260.0,2318.15,786857.0,64368.0,98.68
2020-03-20 00:00:00+05:30,2341.3,2500.9,2294.25,2467.8,742455.0,44538.0,99.77
2020-03-23 00:00:00+05:30,2300.0,2422.4,2100.0,2137.85,613493.0,39565.0,91.67
2020-03-24 00:00:00+05:30,2117.0,2450.0,2111.9,2364.7,929170.0,5217.0,88.35
2020-03-25 00:00:00+05:30,2364.6,2511.6,2317.1,2451.4,1249005.0,14729.0,91.75
2020-03-26 00:00:00+05:30,2471.55,2668.8,2417.3,2588.45,944116.0,2941.0,88.61
2020-03-27 00:00:00+05:30,2690.0,2708.95,2505.0,2529.25,472582.0,8243.0,96.67
2020-03-30 00:00:00+05:30,2465.25,2579.35,2442.75,2473.75,701815.0,3673.0,89.13
2020-03-31 00:00:00+05:30,2579.95,2710.0,2490.0,2688.95,734769.0,2314.0,65.81
2020-04-01 00:00:00+05:30,2700.0,2780.0,2505.0,2564.85,1167150.0,1817.0,74.84
2020-04-03 00:00:00+05:30,2588.95,2610.0,2475.0,2563.25,726903.0,1302.0,100.0
2020-04-07 00:00:00+05:30,2640.15,2878.7,2640.15,2834.5,1062855.0,13117.0,97.52
2020-04-08 00:00:00+05:30,2829.0,2990.0,2759.0,2775.55,1037961.0,3464.0,79.67
2020-04-09 00:00:00+05:30,2850.0,2850.0,2732.9,2801.7,893108.0,1050.0,100.0
2020-04-13 00:00:00+05:30,2800.0,2800.0,2697.35,2706.15,501533.0,1641.0,85.78
2020-04-15 00:00:00+05:30,2772.0,2908.5,2754.7,2837.35,1011691.0,5776.0,85.63
2020-04-16 00:00:00+05:30,2837.5,2893.95,2815.0,2836.8,675907.0,891.0,69.12
2020-04-17 00:00:00+05:30,2884.0,2895.0,2802.2,2832.15,705271.0,2597.0,98.37
2020-04-20 00:00:00+05:30,2860.1,2864.8,2801.0,2833.0,667917.0,1547.0,85.05
2020-04-21 00:00:00+05:30,2779.9,2906.35,2733.15,2863.25,1129799.0,2352.0,91.41
2020-04-22 00:00:00+05:30,2863.0,2969.7,2827.45,2952.65,737395.0,1039.0,89.03
2020-04-23 00:00:00+05:30,2960.0,3245.0,2918.0,2947.4,3426363.0,3526.0,82.04
2020-04-24 00:00:00+05:30,2980.0,3122.9,2956.0,3062.15,2613797.0,2513.0,83.41
2020-04-27 00:00:00+05:30,3075.85,3290.0,3070.0,3242.05,1993378.0,2923.0,88.25
2020-04-28 00:00:00+05:30,3277.0,3289.85,3160.0,3193.95,1379063.0,3391.0,84.1
2020-04-29 00:00:00+05:30,3187.8,3238.75,3150.0,3156.8,1177520.0,9245.0,99.54
2020-04-30 00:00:00+05:30,3195.0,3205.0,3150.0,3165.75,1021592.0,11525.0,99.93
2020-05-04 00:00:00+05:30,3109.0,3160.0,3056.0,3092.95,591353.0,3573.0,95.46
2020-05-05 00:00:00+05:30,3107.0,3126.0,2970.5,2978.75,905266.0,1265.0,97.99
2020-05-06 00:00:00+05:30,2950.0,3065.0,2907.65,2987.7,995972.0,1711.0,91.94
2020-05-07 00:00:00+05:30,2977.7,2980.0,2867.0,2915.35,994651.0,2119.0,71.37
2020-05-08 00:00:00+05:30,2945.0,3037.0,2923.45,2994.65,1102857.0,3507.0,100.0
2020-05-11 00:00:00+05:30,3029.0,3083.4,2991.85,3053.95,1095855.0,15678.0,90.26
2020-05-12 00:00:00+05:30,3048.95,3123.2,3031.3,3107.3,1329390.0,7378.0,82.28
2020-05-13 00:00:00+05:30,3180.0,3188.0,3057.5,3079.55,850975.0,2306.0,69.33
2020-05-14 00:00:00+05:30,3065.0,3138.0,3031.7,3118.7,777257.0,3667.0,97.35
2020-05-15 00:00:00+05:30,3146.9,3196.0,3115.0,3125.65,870248.0,10508.0,85.49
2020-05-18 00:00:00+05:30,3110.0,3165.0,3098.1,3109.55,730350.0,941.0,98.43
2020-05-19 00:00:00+05:30,3130.2,3147.9,3086.05,3104.0,537217.0,2061.0,83.85
2020-05-20 00:00:00+05:30,3110.6,3159.0,3106.85,3127.85,439150.0,1111.0,35.67
2020-05-21 00:00:00+05:30,3120.1,3157.0,3099.0,3110.95,574325.0,264353.0,100.0
2020-05-22 00:00:00+05:30,3104.0,3184.2,3080.0,3167.1,630580.0,10812.0,84.46
2020-05-26 00:00:00+05:30,3200.0,3244.0,3141.0,3163.85,718134.0,3363.0,71.54
2020-05-27 00:00:00+05:30,3170.0,3238.95,3141.0,3220.3,739328.0,4595.0,81.88
2020-05-28 00:00:00+05:30,3217.5,3363.25,3189.35,3323.25,1453514.0,6164.0,99.44
2020-05-29 00:00:00+05:30,3289.9,3417.0,3289.9,3378.85,1658714.0,1584.0,85.02
2020-06-01 00:00:00+05:30,3416.0,3470.0,3401.0,3434.85,883460.0,12818.0,95.9
2020-06-02 00:00:00+05:30,3434.9,3480.0,3400.0,3451.0,786444.0,81900.0,97.74
2020-06-03 00:00:00+05:30,3601.0,3708.0,3471.2,3510.3,3415126.0,21896.0,82.55
2020-06-04 00:00:00+05:30,3510.0,3555.0,3422.0,3450.35,1309771.0,2173.0,66.11
2020-06-05 00:00:00+05:30,3475.0,3497.95,3402.2,3466.7,1200548.0,7309.0,62.07
2020-06-08 00:00:00+05:30,3486.0,3513.25,3410.0,3426.8,768759.0,2650.0,85.62
2020-06-09 00:00:00+05:30,3434.9,3469.9,3409.0,3415.7,567611.0,5455.0,83.82
2020-06-10 00:00:00+05:30,3420.9,3447.6,3357.4,3377.0,628261.0,1965.0,98.35
2020-06-11 00:00:00+05:30,3389.9,3403.45,3330.0,3370.35,673105.0,4567.0,99.98
2020-06-12 00:00:00+05:30,3333.0,3443.0,3305.75,3366.05,1373475.0,25547.0,75.74
2020-06-15 00:00:00+05:30,3351.0,3406.5,3343.45,3357.2,609721.0,5911.0,76.63
2020-06-16 00:00:00+05:30,3381.05,3399.95,3330.0,3345.35,701355.0,14733.0,93.21
2020-06-17 00:00:00+05:30,3357.85,3435.0,3355.05,3401.45,1100079.0,4946.0,66.2
2020-06-18 00:00:00+05:30,3415.0,3457.0,3381.55,3404.25,898020.0,1847.0,91.94
2020-06-19 00:00:00+05:30,3417.9,3450.0,3382.0,3438.55,782740.0,5522.0,90.88
2020-06-22 00:00:00+05:30,3450.0,3475.0,3416.0,3421.2,735172.0,7490.0,90.49
2020-06-23 00:00:00+05:30,3429.95,3504.9,3426.3,3467.05,765553.0,7875.0,96.2
2020-06-24 00:00:00+05:30,3487.0,3504.9,3440.0,3446.4,573266.0,3873.0,99.46
2020-06-25 00:00:00+05:30,3424.9,3474.4,3420.0,3450.4,546489.0,12106.0,97.23
2020-06-26 00:00:00+05:30,3457.3,3499.9,3444.3,3456.4,448352.0,3780.0,81.73
2020-06-29 00:00:00+05:30,3452.8,3544.85,3445.8,3519.25,940186.0,6560.0,96.66
2020-06-30 00:00:00+05:30,3542.0,3615.0,3540.0,3603.8,1236537.0,2560.0,64.24
2020-07-01 00:00:00+05:30,3605.0,3611.0,3536.0,3545.95,586225.0,8297.0,88.77
2020-07-02 00:00:00+05:30,3553.0,3567.65,3512.05,3535.1,422319.0,2695.0,99.78
2020-07-03 00:00:00+05:30,3549.5,3579.95,3515.0,3538.35,323231.0,2581.0,59.03
2020-07-06 00:00:00+05:30,3560.0,3646.0,3541.0,3624.45,538078.0,11500.0,99.11
2020-07-07 00:00:00+05:30,3636.0,3685.45,3580.0,3678.45,664348.0,9693.0,82.47
2020-07-08 00:00:00+05:30,3675.55,3712.5,3630.0,3685.0,531417.0,2907.0,91.44
2020-07-09 00:00:00+05:30,3690.0,3699.0,3650.0,3673.6,397351.0,64071.0,99.04
2020-07-10 00:00:00+05:30,3669.6,3753.6,3655.35,3726.65,706136.0,37509.0,93.19
2020-07-13 00:00:00+05:30,3760.0,3835.0,3750.25,3796.8,1108644.0,5833.0,66.63
2020-07-14 00:00:00+05:30,3795.55,3795.95,3729.0,3735.25,399210.0,3418.0,94.24
2020-07-15 00:00:00+05:30,3742.0,3778.3,3711.7,3723.25,506574.0,4487.0,71.61
2020-07-16 00:00:00+05:30,3729.0,3880.25,3689.55,3854.75,987220.0,6275.0,90.81
2020-07-17 00:00:00+05:30,3900.0,3938.0,3766.8,3785.0,4503046.0,4095.0,89.02
2020-07-20 00:00:00+05:30,3859.0,3993.0,3807.2,3982.65,3785159.0,5319.0,87.21
2020-07-21 00:00:00+05:30,3999.0,4010.0,3875.0,3880.4,1880670.0,929457.0,99.79
2020-07-22 00:00:00+05:30,3914.8,3924.4,3791.05,3805.05,1019300.0,10741.0,100.0
2020-07-23 00:00:00+05:30,3825.0,3879.75,3820.0,3827.6,791770.0,2999.0,99.83
2020-07-24 00:00:00+05:30,3824.95,3849.9,3768.0,3818.45,665233.0,1531.0,98.65
2020-07-27 00:00:00+05:30,3845.0,3846.6,3762.4,3777.35,523512.0,9769.0,81.0
2020-07-28 00:00:00+05:30,3780.3,3830.0,3763.35,3774.75,599914.0,2713.0,99.34
2020-07-29 00:00:00+05:30,3797.7,3853.0,3780.0,3794.7,785425.0,7719.0,89.69
2020-07-30 00:00:00+05:30,3818.4,3874.4,3790.5,3805.95,855542.0,7614.0,94.56
2020-07-31 00:00:00+05:30,3811.0,3860.0,3801.1,3823.6,681895.0,6765.0,93.95
2020-08-03 00:00:00+05:30,3827.0,3849.9,3768.1,3776.2,369180.0,1410.0,96.77
2020-08-04 00:00:00+05:30,3800.0,3855.0,3785.0,3817.6,642559.0,4051.0,89.66
2020-08-05 00:00:00+05:30,3839.9,3873.55,3827.95,3849.95,569216.0,1456.0,97.72
2020-08-06 00:00:00+05:30,3865.0,3912.0,3845.0,3857.65,786063.0,1322.0,87.9
2020-08-07 00:00:00+05:30,3865.0,3945.0,3850.0,3934.8,1061884.0,3657.0,95.31
2020-08-10 00:00:00+05:30,3959.95,4005.0,3929.0,3942.8,826722.0,7017.0,59.63
2020-08-11 00:00:00+05:30,3950.0,3970.0,3865.0,3879.55,422055.0,2759.0,64.63
2020-08-12 00:00:00+05:30,3880.55,3885.0,3800.0,3809.75,619436.0,4226.0,89.67
2020-08-13 00:00:00+05:30,3823.8,3857.85,3792.05,3808.25,513264.0,4036.0,73.57
2020-08-14 00:00:00+05:30,3828.0,3840.0,3752.0,3801.35,537499.0,6576.0,75.35
2020-08-17 00:00:00+05:30,3830.0,3895.0,3802.0,3868.65,987819.0,4867.0,93.85
2020-08-18 00:00:00+05:30,3880.0,3940.0,3875.0,3914.3,768897.0,4723.0,54.18
2020-08-19 00:00:00+05:30,3943.65,3949.0,3865.65,3875.4,505661.0,8173.0,98.33
2020-08-20 00:00:00+05:30,3880.0,3910.2,3837.25,3868.1,523854.0,60589.0,95.2
2020-08-21 00:00:00+05:30,3896.0,3912.0,3865.05,3882.75,401007.0,11371.0,97.82
2020-08-24 00:00:00+05:30,3912.0,3926.0,3894.2,3908.35,444407.0,11044.0,96.79
2020-08-25 00:00:00+05:30,3918.0,3929.95,3875.0,3896.85,358587.0,2356.0,94.2
2020-08-26 00:00:00+05:30,3845.0,3857.35,3799.1,3829.25,608530.0,19610.0,95.57
2020-08-27 00:00:00+05:30,3840.0,3853.35,3810.0,3816.6,385945.0,6032.0,99.97
2020-08-28 00:00:00+05:30,3819.0,3827.6,3787.0,3793.85,512488.0,7610.0,99.95
2020-08-31 00:00:00+05:30,3806.4,3811.0,3684.0,3726.05,600226.0,12489.0,98.62
2020-09-01 00:00:00+05:30,3735.0,3787.75,3718.3,3771.0,387446.0,12745.0,79.22
2020-09-02 00:00:00+05:30,3787.9,3813.6,3752.0,3799.2,305952.0,9863.0,99.38
2020-09-03 00:00:00+05:30,3798.0,3808.75,3740.0,3746.85,414160.0,7341.0,99.11
2020-09-04 00:00:00+05:30,3730.0,3809.0,3698.55,3705.85,759852.0,3994.0,96.75
2020-09-07 00:00:00+05:30,3732.9,3750.0,3655.0,3724.05,437318.0,6953.0,87.7
2020-09-08 00:00:00+05:30,3726.9,3762.45,3711.25,3731.6,379275.0,2601.0,60.45
2020-09-09 00:00:00+05:30,3690.0,3749.0,3686.1,3738.3,332884.0,5786.0,99.86
2020-09-10 00:00:00+05:30,3765.5,3765.5,3700.05,3719.25,357927.0,1295.0,60.86
2020-09-11 00:00:00+05:30,3724.0,3828.0,3720.0,3772.25,829715.0,3313.0,100.0
2020-09-14 00:00:00+05:30,3788.9,3796.0,3711.0,3719.5,397741.0,3976.0,100.0
2020-09-15 00:00:00+05:30,3720.05,3766.5,3715.0,3734.1,366110.0,3516.0,97.29
2020-09-16 00:00:00+05:30,3742.0,3860.0,3737.15,3844.5,917526.0,2478.0,99.6
2020-09-17 00:00:00+05:30,3848.0,3890.95,3768.75,3815.65,741010.0,7296.0,98.81
2020-09-18 00:00:00+05:30,3837.7,3839.75,3774.85,3797.5,947698.0,1901.0,95.29
2020-09-21 00:00:00+05:30,3790.0,3795.0,3613.5,3629.3,604282.0,15233.0,93.17
2020-09-22 00:00:00+05:30,3660.0,3678.0,3540.05,3588.0,670648.0,4981.0,91.21
2020-09-23 00:00:00+05:30,3618.9,3652.9,3562.8,3624.9,405856.0,6852.0,99.84
2020-09-24 00:00:00+05:30,3590.0,3655.0,3560.2,3612.75,517316.0,15574.0,90.91
2020-09-25 00:00:00+05:30,3640.0,3716.95,3615.0,3686.4,507368.0,4428.0,79.7
2020-09-28 00:00:00+05:30,3710.9,3778.0,3689.0,3737.35,390640.0,3512.0,96.7
2020-09-29 00:00:00+05:30,3769.0,3796.0,3701.65,3736.85,449330.0,1136.0,87.05
2020-09-30 00:00:00+05:30,3734.0,3825.0,3714.05,3798.15,535771.0,14826.0,96.84
2020-10-01 00:00:00+05:30,3820.0,3827.95,3762.0,3808.6,336322.0,1545.0,68.64
2020-10-05 00:00:00+05:30,3815.0,3857.8,3785.05,3830.45,460889.0,1987.0,77.98
2020-10-06 00:00:00+05:30,3870.0,3879.95,3752.0,3765.85,666856.0,17183.0,97.14
2020-10-07 00:00:00+05:30,3780.0,3838.0,3768.0,3785.95,590795.0,3375.0,93.52
2020-10-08 00:00:00+05:30,3798.9,3825.0,3771.5,3794.7,371495.0,1504.0,81.96
2020-10-09 00:00:00+05:30,3807.0,3818.65,3735.0,3745.1,347685.0,5426.0,76.84
2020-10-12 00:00:00+05:30,3769.1,3774.3,3722.3,3731.5,286506.0,1427.0,100.0
2020-10-13 00:00:00+05:30,3732.0,3786.3,3702.65,3745.65,368886.0,3424.0,100.0
2020-10-14 00:00:00+05:30,3743.0,3801.8,3740.0,3789.8,545911.0,5882.0,85.2
2020-10-15 00:00:00+05:30,3790.0,3835.95,3715.0,3731.0,526411.0,65011.0,99.88
2020-10-16 00:00:00+05:30,3748.95,3779.0,3721.25,3747.2,263967.0,4692.0,86.06
2020-10-19 00:00:00+05:30,3766.0,3795.0,3740.0,3772.45,473267.0,15120.0,70.46
2020-10-20 00:00:00+05:30,3681.0,3694.0,3543.1,3553.15,3187477.0,3187.0,81.22
2020-10-21 00:00:00+05:30,3580.0,3580.0,3382.0,3397.25,3538724.0,8388.0,80.4
2020-10-22 00:00:00+05:30,3410.0,3493.35,3410.0,3458.35,2266246.0,6748.0,95.77
2020-10-23 00:00:00+05:30,3480.0,3502.9,3442.05,3469.75,1022334.0,17173.0,100.0
2020-10-26 00:00:00+05:30,3482.0,3505.55,3466.0,3485.4,893740.0,8295.0,90.76
2020-10-27 00:00:00+05:30,3480.0,3588.0,3480.0,3572.25,1753963.0,7872.0,94.79
2020-10-28 00:00:00+05:30,3572.2,3599.8,3524.95,3541.7,667035.0,8202.0,75.79
2020-10-29 00:00:00+05:30,3538.0,3556.0,3498.0,3532.65,654253.0,1987.0,75.27
2020-10-30 00:00:00+05:30,3540.0,3549.85,3460.65,3473.25,475859.0,1421.0,80.97
2020-11-02 00:00:00+05:30,3483.0,3485.95,3391.15,3420.3,764391.0,516.0,99.81
2020-11-03 00:00:00+05:30,3445.0,3457.25,3390.0,3403.65,623300.0,3251.0,99.42
2020-11-04 00:00:00+05:30,3423.0,3506.0,3411.9,3470.7,714800.0,65328.0,99.55
2020-11-05 00:00:00+05:30,3512.0,3530.0,3465.45,3499.25,999876.0,3453.0,99.97
2020-11-06 00:00:00+05:30,3510.0,3555.0,3489.65,3513.55,582470.0,6072.0,85.55
2020-11-09 00:00:00+05:30,3548.0,3570.0,3513.55,3548.3,566460.0,8200.0,99.99
2020-11-10 00:00:00+05:30,3572.0,3572.0,3445.85,3508.35,976298.0,7323.0,99.05
2020-11-11 00:00:00+05:30,3509.0,3541.6,3453.05,3492.75,1141508.0,4133.0,100.0
2020-11-12 00:00:00+05:30,3499.7,3525.95,3481.35,3515.3,615256.0,2397.0,100.0
2020-11-13 00:00:00+05:30,3517.0,3541.45,3505.0,3514.45,473523.0,3760.0,100.0
2020-11-17 00:00:00+05:30,3541.0,3550.0,3504.4,3509.8,694643.0,6383.0,94.38
2020-11-18 00:00:00+05:30,3507.8,3521.95,3445.0,3500.35,914389.0,3036.0,100.0
2020-11-19 00:00:00+05:30,3489.0,3549.0,3480.0,3511.35,739067.0,8841.0,99.99
2020-11-20 00:00:00+05:30,3524.95,3577.75,3521.15,3552.1,1197247.0,20222.0,97.7
2020-11-23 00:00:00+05:30,3575.0,3599.0,3552.0,3557.4,952758.0,6840.0,100.0
2020-11-24 00:00:00+05:30,3575.0,3593.0,3531.7,3562.25,752974.0,5983.0,84.24
2020-11-25 00:00:00+05:30,3570.6,3579.85,3531.5,3555.8,385590.0,2800.0,94.72
2020-11-26 00:00:00+05:30,3569.8,3572.9,3490.0,3548.75,741800.0,124601.0,98.92
2020-11-27 00:00:00+05:30,3563.85,3684.9,3503.1,3637.95,5383773.0,2571.0,85.36
2020-12-01 00:00:00+05:30,3702.5,3702.5,3595.55,3629.35,1042234.0,5469.0,94.26
2020-12-02 00:00:00+05:30,3637.0,3648.0,3560.0,3597.0,680870.0,3026.0,91.75
2020-12-03 00:00:00+05:30,3647.0,3653.9,3608.05,3635.95,450558.0,7046.0,98.56
2020-12-04 00:00:00+05:30,3637.0,3672.0,3612.0,3648.2,482933.0,10611.0,99.68
2020-12-07 00:00:00+05:30,3650.0,3670.0,3612.1,3628.95,492080.0,2470.0,96.11
2020-12-08 00:00:00+05:30,3639.4,3654.9,3617.65,3645.4,413743.0,8178.0,97.68
2020-12-09 00:00:00+05:30,3648.9,3666.0,3619.1,3627.1,434686.0,53642.0,99.83
2020-12-10 00:00:00+05:30,3627.1,3747.0,3624.0,3739.75,1443681.0,7157.0,99.99
2020-12-11 00:00:00+05:30,3746.85,3777.0,3701.5,3732.75,695958.0,7801.0,86.68
2020-12-14 00:00:00+05:30,3745.0,3792.0,3737.05,3776.95,685712.0,4140.0,97.43
2020-12-15 00:00:00+05:30,3775.0,3797.7,3725.7,3765.55,648902.0,5005.0,98.68
2020-12-16 00:00:00+05:30,3766.2,3786.0,3745.0,3752.6,466183.0,5332.0,97.8
2020-12-17 00:00:00+05:30,3740.1,3767.0,3721.0,3729.75,488772.0,2585.0,100.0
2020-12-18 00:00:00+05:30,3738.0,3759.8,3690.0,3720.5,1043126.0,8081.0,100.0
2020-12-21 00:00:00+05:30,3719.0,3727.05,3534.85,3624.05,670146.0,7645.0,92.72
2020-12-22 00:00:00+05:30,3620.0,3662.4,3541.1,3630.4,662139.0,3393.0,98.89
2020-12-23 00:00:00+05:30,3641.6,3668.35,3605.25,3625.35,451656.0,4383.0,100.0
2020-12-24 00:00:00+05:30,3655.0,3683.9,3590.05,3618.25,579355.0,9125.0,84.12
2020-12-28 00:00:00+05:30,3635.0,3646.15,3598.0,3603.55,463072.0,4785.0,99.77
2020-12-29 00:00:00+05:30,3614.0,3623.25,3575.1,3593.3,414900.0,879.0,86.86
2020-12-30 00:00:00+05:30,3602.25,3605.85,3564.0,3583.9,407735.0,8513.0,100.0
2020-12-31 00:00:00+05:30,3580.65,3601.75,3562.1,3576.35,459006.0,40646.0,89.71
2021-01-01 00:00:00+05:30,3575.0,3605.0,3563.05,3567.8,452579.0,4018.0,100.0
2021-01-04 00:00:00+05:30,3589.0,3593.9,3537.0,3552.9,697944.0,6798.0,99.91
2021-01-05 00:00:00+05:30,3549.0,3563.95,3540.0,3551.1,724835.0,2211.0,99.55
2021-01-06 00:00:00+05:30,3568.0,3602.0,3510.0,3539.7,1099214.0,4580.0,71.74
2021-01-07 00:00:00+05:30,3560.0,3567.95,3516.45,3552.8,621421.0,3217.0,99.69
2021-01-08 00:00:00+05:30,3574.0,3589.95,3532.85,3575.25,961239.0,2293.0,82.75
2021-01-11 00:00:00+05:30,3603.8,3625.0,3547.65,3612.85,1043163.0,7827.0,99.95
2021-01-12 00:00:00+05:30,3624.0,3648.8,3586.3,3631.65,893555.0,5578.0,100.0
2021-01-13 00:00:00+05:30,3640.0,3648.0,3600.0,3622.0,798011.0,4838.0,98.78
2021-01-14 00:00:00+05:30,3623.0,3704.9,3619.6,3665.45,1191896.0,3381.0,98.6
2021-01-15 00:00:00+05:30,3680.0,3685.0,3571.0,3609.05,597468.0,5484.0,91.25
2021-01-18 00:00:00+05:30,3609.05,3665.0,3575.0,3597.3,826106.0,2507.0,91.03
2021-01-19 00:00:00+05:30,3628.75,3649.85,3587.0,3601.25,593986.0,3409.0,93.12
2021-01-20 00:00:00+05:30,3605.0,3641.0,3585.0,3592.3,606986.0,7707.0,62.68
2021-01-21 00:00:00+05:30,3604.7,3666.55,3602.6,3630.8,834161.0,3139.0,87.66
2021-01-22 00:00:00+05:30,3649.0,3690.0,3591.0,3608.0,791082.0,5707.0,68.09
2021-01-25 00:00:00+05:30,3633.85,3639.85,3576.25,3613.55,467213.0,5480.0,98.3
2021-01-27 00:00:00+05:30,3613.55,3649.9,3593.8,3610.75,646854.0,11108.0,98.15
2021-01-28 00:00:00+05:30,3588.7,3650.0,3559.25,3603.75,643629.0,5722.0,100.0
2021-01-29 00:00:00+05:30,3605.2,3620.8,3480.2,3501.1,732600.0,5783.0,96.64
2021-02-01 00:00:00+05:30,3539.0,3557.9,3483.0,3520.75,543948.0,2813.0,97.27
2021-02-02 00:00:00+05:30,3547.9,3554.0,3483.75,3501.25,869927.0,9168.0,99.92
2021-02-03 00:00:00+05:30,3526.05,3544.0,3501.0,3516.5,786921.0,5510.0,95.03
2021-02-04 00:00:00+05:30,3521.95,3608.05,3511.05,3572.0,958455.0,3569.0,95.5
2021-02-05 00:00:00+05:30,3616.0,3616.0,3530.45,3540.15,1158923.0,2466.0,99.6
2021-02-08 00:00:00+05:30,3601.0,3616.9,3464.1,3473.7,2387720.0,12413.0,80.71
2021-02-09 00:00:00+05:30,3505.0,3505.0,3455.0,3462.4,950836.0,13550.0,95.45
2021-02-10 00:00:00+05:30,3467.9,3485.1,3417.05,3424.85,893518.0,12393.0,95.26
2021-02-11 00:00:00+05:30,3430.75,3470.0,3420.0,3462.75,873696.0,4231.0,99.88
2021-02-12 00:00:00+05:30,3480.0,3489.0,3409.05,3421.25,618265.0,3014.0,72.33
2021-02-15 00:00:00+05:30,3429.0,3445.0,3403.0,3417.0,513466.0,4940.0,92.74
2021-02-16 00:00:00+05:30,3432.0,3432.35,3385.05,3392.35,693260.0,1484.0,99.33
2021-02-17 00:00:00+05:30,3370.0,3404.85,3360.0,3365.0,866050.0,13400.0,100.0
2021-02-18 00:00:00+05:30,3368.0,3390.95,3340.1,3367.6,616079.0,7706.0,100.0
2021-02-19 00:00:00+05:30,3359.0,3383.0,3320.0,3331.2,765029.0,12976.0,99.97
2021-02-22 00:00:00+05:30,3350.0,3373.75,3317.3,3341.2,666103.0,4924.0,54.46
2021-02-23 00:00:00+05:30,3349.8,3368.0,3325.3,3335.95,484402.0,6647.0,71.18
2021-02-24 00:00:00+05:30,3357.0,3415.0,3348.4,3405.55,500171.0,7093.0,67.87
2021-02-25 00:00:00+05:30,3420.0,3425.7,3374.6,3407.5,586249.0,738.0,97.36
2021-02-26 00:00:00+05:30,3389.0,3408.95,3343.0,3360.4,748494.0,3324.0,97.02
2021-03-01 00:00:00+05:30,3371.5,3420.0,3367.05,3411.8,377687.0,2714.0,99.01
2021-03-02 00:00:00+05:30,3411.8,3450.0,3395.0,3447.95,383811.0,5217.0,97.31
2021-03-03 00:00:00+05:30,3460.0,3487.15,3435.0,3481.15,409330.0,2499.0,87.13
2021-03-04 00:00:00+05:30,3450.0,3514.8,3450.0,3501.9,537129.0,4260.0,82.4
2021-03-05 00:00:00+05:30,3486.0,3506.65,3460.75,3491.75,612423.0,18913.0,100.0
2021-03-08 00:00:00+05:30,3493.6,3508.95,3451.0,3463.2,463610.0,6836.0,84.61
2021-03-09 00:00:00+05:30,3473.5,3489.15,3397.35,3426.75,589400.0,6378.0,97.9
2021-03-10 00:00:00+05:30,3451.9,3489.0,3438.5,3480.35,270883.0,3369.0,97.85
2021-03-12 00:00:00+05:30,3491.9,3493.85,3425.0,3434.25,343951.0,1870.0,89.73
2021-03-15 00:00:00+05:30,3443.6,3456.55,3399.0,3450.4,311040.0,765.0,99.87
2021-03-16 00:00:00+05:30,3462.6,3500.0,3456.05,3489.1,383098.0,11910.0,97.54
2021-03-17 00:00:00+05:30,3488.0,3499.0,3446.3,3467.9,378033.0,5471.0,99.69
2021-03-18 00:00:00+05:30,3480.0,3487.9,3427.4,3439.65,430085.0,2817.0,89.23
2021-03-19 00:00:00+05:30,3424.6,3494.85,3379.0,3466.6,1312314.0,1444.0,100.0
2021-03-22 00:00:00+05:30,3440.1,3570.0,3440.1,3564.4,819415.0,2440.0,97.25
2021-03-23 00:00:00+05:30,3570.0,3578.0,3525.0,3568.4,460948.0,4530.0,79.33
2021-03-24 00:00:00+05:30,3536.0,3568.2,3522.0,3537.75,480566.0,2241.0,99.91
2021-03-25 00:00:00+05:30,3535.0,3564.8,3429.0,3443.85,486109.0,8963.0,100.0
2021-03-26 00:00:00+05:30,3455.35,3515.0,3455.35,3504.6,272856.0,2796.0,98.8
2021-03-30 00:00:00+05:30,3514.0,3624.9,3510.05,3622.0,562000.0,6818.0,98.68
2021-03-31 00:00:00+05:30,3616.0,3655.0,3592.5,3610.0,441486.0,5966.0,100.0
2021-04-01 00:00:00+05:30,3635.0,3670.0,3610.25,3619.1,460342.0,76588.0,99.71
2021-04-05 00:00:00+05:30,3635.0,3720.0,3630.0,3700.35,807426.0,4302.0,86.28
2021-04-06 00:00:00+05:30,3708.0,3736.4,3680.0,3730.6,462220.0,4096.0,94.66
2021-04-07 00:00:00+05:30,3732.0,3820.0,3711.55,3808.55,633607.0,6449.0,75.28
2021-04-08 00:00:00+05:30,3780.0,3834.0,3761.05,3816.75,613174.0,4957.0,84.1
2021-04-09 00:00:00+05:30,3816.75,3843.7,3790.0,3797.7,526904.0,6796.0,92.02
2021-04-12 00:00:00+05:30,3777.95,3850.0,3750.0,3812.75,1108815.0,4917.0,67.18
2021-04-13 00:00:00+05:30,3814.1,3847.0,3729.05,3746.0,411576.0,22959.0,97.42
2021-04-15 00:00:00+05:30,3751.0,3799.9,3673.0,3692.7,494416.0,1178.0,82.96
2021-04-16 00:00:00+05:30,3695.5,3733.95,3676.55,3696.5,251723.0,2351.0,80.49
2021-04-19 00:00:00+05:30,3685.0,3755.0,3653.05,3742.8,560207.0,9146.0,42.4
2021-04-20 00:00:00+05:30,3731.9,3752.75,3690.1,3729.9,331446.0,1950.0,88.72
2021-04-22 00:00:00+05:30,3725.1,3766.0,3692.15,3752.0,424298.0,3582.0,95.67
2021-04-23 00:00:00+05:30,3755.0,3760.9,3640.5,3650.3,491457.0,2525.0,90.05
2021-04-26 00:00:00+05:30,3661.1,3662.0,3531.0,3539.2,1031242.0,1904.0,97.44
2021-04-27 00:00:00+05:30,3572.7,3574.6,3517.0,3541.2,813545.0,2239.0,100.0
2021-04-28 00:00:00+05:30,3488.0,3527.0,3469.0,3478.75,1497784.0,6996.0,82.48
2021-04-29 00:00:00+05:30,3470.0,3505.9,3447.0,3464.0,610819.0,11626.0,99.73
2021-04-30 00:00:00+05:30,3460.0,3468.35,3437.0,3449.0,435807.0,2523.0,97.3
2021-05-03 00:00:00+05:30,3439.1,3478.7,3431.6,3439.25,569864.0,1078.0,100.0
2021-05-04 00:00:00+05:30,3432.0,3462.0,3420.0,3435.85,337753.0,1094.0,99.55
2021-05-05 00:00:00+05:30,3441.1,3458.9,3436.25,3451.6,234069.0,1681.0,99.7
2021-05-06 00:00:00+05:30,3452.0,3491.5,3439.7,3452.05,384201.0,7626.0,98.77
2021-05-07 00:00:00+05:30,3484.7,3484.7,3452.25,3461.25,189131.0,4949.0,98.8
2021-05-10 00:00:00+05:30,3478.0,3478.0,3403.5,3413.8,693771.0,690.0,94.78
2021-05-11 00:00:00+05:30,3413.8,3434.7,3396.05,3418.4,455286.0,4636.0,70.8
2021-05-12 00:00:00+05:30,3404.0,3445.0,3401.15,3439.55,252485.0,4163.0,75.12
2021-05-14 00:00:00+05:30,3450.0,3524.5,3438.2,3501.45,677095.0,2986.0,62.9
2021-05-17 00:00:00+05:30,3518.95,3533.9,3496.05,3507.25,337986.0,5648.0,84.4
2021-05-18 00:00:00+05:30,3525.2,3533.9,3480.0,3525.45,474225.0,2712.0,96.0
2021-05-19 00:00:00+05:30,3535.0,3555.0,3516.05,3534.4,688377.0,7341.0,82.01
2021-05-20 00:00:00+05:30,3500.0,3517.7,3415.0,3422.55,1046437.0,2718.0,100.0
2021-05-21 00:00:00+05:30,3449.0,3449.0,3418.0,3435.75,521631.0,5310.0,84.68
2021-05-24 00:00:00+05:30,3459.0,3459.0,3371.4,3379.1,1643372.0,5517.0,91.13
2021-05-25 00:00:00+05:30,3385.0,3447.0,3385.0,3439.5,1318827.0,3560.0,94.91
2021-05-26 00:00:00+05:30,3441.05,3453.85,3413.05,3416.0,373138.0,3066.0,86.78
2021-05-27 00:00:00+05:30,3430.0,3437.5,3400.05,3414.65,444453.0,3012.0,97.38
2021-05-28 00:00:00+05:30,3417.0,3449.0,3410.0,3428.7,249490.0,8649.0,99.85
2021-05-31 00:00:00+05:30,3428.75,3458.4,3427.25,3447.85,352740.0,3690.0,88.07
2021-06-01 00:00:00+05:30,3458.0,3469.1,3442.0,3446.75,236566.0,1673.0,100.0
2021-06-02 00:00:00+05:30,3446.75,3486.0,3446.05,3475.25,420051.0,2639.0,97.7
2021-06-03 00:00:00+05:30,3480.0,3499.5,3467.4,3496.25,380736.0,12714.0,99.74
2021-06-04 00:00:00+05:30,3500.0,3512.0,3480.0,3489.3,312812.0,11910.0,100.0
2021-06-07 00:00:00+05:30,3506.5,3555.0,3478.5,3542.6,357238.0,16125.0,89.74
2021-06-08 00:00:00+05:30,3544.5,3622.0,3542.6,3601.75,786776.0,3706.0,66.07
2021-06-09 00:00:00+05:30,3598.0,3608.35,3557.1,3574.7,546186.0,25271.0,81.12
2021-06-10 00:00:00+05:30,3571.0,3611.6,3555.0,3576.3,355024.0,4498.0,92.46
2021-06-11 00:00:00+05:30,3575.0,3595.0,3551.0,3557.9,301220.0,2799.0,92.96
2021-06-14 00:00:00+05:30,3557.9,3598.0,3510.45,3591.25,312310.0,9500.0,68.66
2021-06-15 00:00:00+05:30,3593.35,3640.5,3593.0,3631.85,450979.0,33007.0,99.67
2021-06-16 00:00:00+05:30,3631.05,3644.8,3605.05,3639.45,232439.0,13621.0,87.63
2021-06-17 00:00:00+05:30,3625.9,3663.0,3609.5,3658.15,300075.0,8896.0,89.82
2021-06-18 00:00:00+05:30,3661.4,3679.0,3595.0,3619.2,731772.0,3309.0,69.11
2021-06-21 00:00:00+05:30,3600.0,3653.95,3581.1,3648.85,231440.0,2458.0,92.79
2021-06-22 00:00:00+05:30,3650.0,3665.0,3616.0,3650.9,235380.0,3498.0,74.5
2021-06-23 00:00:00+05:30,3652.0,3684.3,3631.0,3659.3,378937.0,2259.0,72.73
2021-06-24 00:00:00+05:30,3659.3,3704.85,3651.0,3689.1,385372.0,17332.0,99.95
2021-06-25 00:00:00+05:30,3709.9,3709.9,3644.9,3670.05,176772.0,2667.0,99.93
2021-06-28 00:00:00+05:30,3670.05,3685.0,3643.0,3667.25,181728.0,4101.0,99.98
2021-06-29 00:00:00+05:30,3655.0,3667.1,3610.05,3657.15,357169.0,1538.0,92.21
2021-06-30 00:00:00+05:30,3675.0,3690.0,3632.95,3649.65,428387.0,4288.0,99.54
2021-07-01 00:00:00+05:30,3640.0,3661.0,3580.65,3595.8,612539.0,10757.0,93.81
2021-07-02 00:00:00+05:30,3609.0,3609.0,3535.0,3545.3,292803.0,2044.0,82.45
2021-07-05 00:00:00+05:30,3564.0,3584.5,3512.4,3523.55,518792.0,6125.0,98.52
2021-07-06 00:00:00+05:30,3526.0,3533.85,3508.65,3519.0,281982.0,17564.0,85.37
2021-07-07 00:00:00+05:30,3521.0,3542.0,3506.0,3521.35,524471.0,10566.0,92.5
2021-07-08 00:00:00+05:30,3499.0,3525.9,3473.25,3491.4,627204.0,3839.0,95.47
2021-07-09 00:00:00+05:30,3491.0,3518.0,3468.0,3475.95,595298.0,2633.0,100.0
2021-07-12 00:00:00+05:30,3482.2,3500.0,3464.1,3470.4,146075.0,5401.0,96.52
2021-07-13 00:00:00+05:30,3488.75,3489.45,3465.1,3485.5,182848.0,21170.0,89.97
2021-07-14 00:00:00+05:30,3474.0,3488.15,3454.15,3485.75,458932.0,596619.0,99.82
2021-07-15 00:00:00+05:30,3503.0,3503.0,3455.5,3460.85,264522.0,8093.0,88.03
2021-07-16 00:00:00+05:30,3460.0,3472.7,3437.1,3441.0,398814.0,5995.0,95.13
2021-07-19 00:00:00+05:30,3440.4,3457.5,3426.1,3450.15,226649.0,4165.0,97.02
2021-07-20 00:00:00+05:30,3455.0,3466.95,3426.5,3433.55,152899.0,13303330.0,94.78
2021-07-22 00:00:00+05:30,3449.5,3449.5,3415.0,3425.3,389430.0,3438158.0,99.92
2021-07-23 00:00:00+05:30,3427.0,3452.5,3425.3,3439.8,247669.0,1818746.0,81.8
2021-07-26 00:00:00+05:30,3439.95,3498.0,3431.0,3482.0,433432.0,1595239.0,98.75
2021-07-27 00:00:00+05:30,3496.0,3504.85,3435.15,3450.75,210585.0,203815.0,99.66
2021-07-28 00:00:00+05:30,3469.0,3469.0,3410.0,3424.1,351916.0,3506950.0,99.99
2021-07-29 00:00:00+05:30,3424.2,3428.95,3402.0,3405.6,321370.0,4826607.0,99.99
2021-07-30 00:00:00+05:30,3424.0,3440.0,3378.0,3423.4,988317.0,326381.0,99.99
2021-08-02 00:00:00+05:30,3446.7,3542.0,3440.05,3504.65,1887580.0,207413.0,99.67
2021-08-03 00:00:00+05:30,3550.0,3579.0,3531.0,3573.2,1326045.0,55041.0,98.92
2021-08-04 00:00:00+05:30,3579.0,3599.0,3540.0,3578.3,478788.0,6249127.0,100.0
2021-08-05 00:00:00+05:30,3578.3,3617.7,3547.6,3611.15,497146.0,529461.0,99.92
2021-08-06 00:00:00+05:30,3611.15,3620.0,3590.1,3604.0,258380.0,1075187.0,85.0
2021-08-09 00:00:00+05:30,3619.9,3649.0,3606.25,3636.1,444706.0,50626.0,69.78
2021-08-10 00:00:00+05:30,3636.1,3644.0,3611.5,3637.2,249493.0,74087.0,82.89
2021-08-11 00:00:00+05:30,3637.2,3648.95,3571.1,3625.5,233115.0,188986.0,99.26
2021-08-12 00:00:00+05:30,3634.4,3642.95,3607.5,3620.8,232971.0,10418.0,80.22
2021-08-13 00:00:00+05:30,3620.8,3644.1,3575.1,3579.55,323144.0,469887.0,99.6
2021-08-16 00:00:00+05:30,3570.0,3673.95,3553.05,3655.3,348972.0,14918.0,99.66
2021-08-17 00:00:00+05:30,3670.0,3707.6,3668.0,3696.5,579154.0,13906.0,96.97
2021-08-18 00:00:00+05:30,3708.8,3730.0,3686.95,3720.75,426843.0,25160.0,99.62
2021-08-20 00:00:00+05:30,3640.0,3967.5,3635.3,3895.95,1567252.0,143510.0,99.79
2021-08-23 00:00:00+05:30,3910.0,3964.65,3850.6,3866.25,645088.0,23171.0,99.33
2021-08-24 00:00:00+05:30,3874.85,3892.0,3795.5,3812.2,437167.0,20634.0,95.94
2021-08-25 00:00:00+05:30,3812.2,3898.0,3797.0,3842.8,360778.0,19595.0,98.13
2021-08-26 00:00:00+05:30,3825.2,3946.95,3825.2,3930.9,1114234.0,325237.0,99.66
2021-08-27 00:00:00+05:30,3944.7,3972.95,3911.75,3941.55,475524.0,4697538.0,100.0
2021-08-30 00:00:00+05:30,3960.0,3993.55,3932.2,3986.35,466524.0,188441.0,99.75
2021-08-31 00:00:00+05:30,3995.0,4027.3,3960.0,3997.5,688613.0,693831.0,93.15
2021-09-01 00:00:00+05:30,3984.6,4025.9,3963.85,4015.35,352460.0,23797.0,99.04
2021-09-02 00:00:00+05:30,4015.0,4104.0,4002.05,4086.1,525680.0,453928.0,99.96
2021-09-03 00:00:00+05:30,4105.0,4134.7,4073.15,4124.2,426377.0,30399.0,98.79
2021-09-06 00:00:00+05:30,4144.4,4149.3,4061.0,4079.05,312608.0,171633.0,98.36
2021-09-07 00:00:00+05:30,4096.9,4129.6,4080.0,4095.45,259534.0,27614.0,99.98
2021-09-08 00:00:00+05:30,4079.8,4087.9,4015.7,4061.4,236283.0,7897.0,99.99
2021-09-09 00:00:00+05:30,4058.8,4118.8,4050.1,4070.8,295134.0,51972.0,99.1
2021-09-13 00:00:00+05:30,4070.8,4103.0,4058.8,4093.85,171201.0,45792.0,99.99
2021-09-14 00:00:00+05:30,4097.0,4153.0,4082.4,4101.5,419441.0,5823.0,91.87
2021-09-15 00:00:00+05:30,4105.2,4135.0,4071.05,4086.35,218163.0,45805.0,99.81
2021-09-16 00:00:00+05:30,4086.35,4120.0,4039.8,4073.05,243636.0,42785.0,99.98
2021-09-17 00:00:00+05:30,4077.4,4115.0,4041.0,4051.85,621517.0,120049.0,99.76
2021-09-20 00:00:00+05:30,4035.0,4115.0,4000.0,4084.5,291097.0,9871.0,99.97
2021-09-21 00:00:00+05:30,4062.2,4111.55,4053.0,4075.55,424258.0,11505.0,98.38
2021-09-22 00:00:00+05:30,4082.0,4105.0,4049.1,4058.5,259937.0,46072.0,100.0
2021-09-23 00:00:00+05:30,4060.0,4075.45,4017.5,4042.35,322858.0,24250.0,98.86
2021-09-24 00:00:00+05:30,4040.0,4098.95,4030.0,4042.9,373614.0,31224.0,99.75
2021-09-27 00:00:00+05:30,4049.9,4064.6,4000.0,4009.6,248898.0,13429.0,99.87
2021-09-28 00:00:00+05:30,4005.2,4068.95,3990.05,4003.65,354948.0,34317.0,90.23
2021-09-29 00:00:00+05:30,3982.0,4019.9,3959.15,3972.75,332446.0,11516.0,96.53
2021-09-30 00:00:00+05:30,3972.0,3993.0,3940.3,3948.95,217501.0,11450.0,97.51
2021-10-01 00:00:00+05:30,3958.8,3958.8,3885.0,3921.1,181917.0,8631.0,95.57
2021-10-04 00:00:00+05:30,3910.0,3967.25,3881.0,3892.9,475230.0,80228.0,99.71
2021-10-05 00:00:00+05:30,3894.0,3905.25,3865.5,3882.2,131731.0,18737.0,80.69
2021-10-06 00:00:00+05:30,3893.0,3993.15,3882.25,3938.6,409840.0,16176.0,95.02
2021-10-07 00:00:00+05:30,3959.8,3963.65,3877.45,3900.6,187556.0,40071.0,99.53
2021-10-08 00:00:00+05:30,3915.0,3929.0,3846.85,3883.3,316870.0,16226.0,99.66
2021-10-11 00:00:00+05:30,3880.0,3900.75,3831.2,3840.6,253051.0,9939.0,99.79
2021-10-12 00:00:00+05:30,3821.0,3874.75,3815.0,3867.95,253262.0,15741.0,99.65
2021-10-13 00:00:00+05:30,3871.4,3894.1,3854.5,3883.7,174222.0,6593.0,99.7
2021-10-14 00:00:00+05:30,3912.0,3925.0,3881.0,3894.85,299078.0,10872.0,90.43
2021-10-18 00:00:00+05:30,3960.0,3960.0,3825.0,3837.35,256837.0,6411.0,99.49
2021-10-19 00:00:00+05:30,3860.35,3868.35,3780.0,3795.9,282932.0,10763.0,99.94
2021-10-20 00:00:00+05:30,3800.0,3917.35,3740.0,3762.0,523002.0,67641.0,100.0
2021-10-21 00:00:00+05:30,3798.5,3798.5,3680.0,3714.35,335589.0,10742.0,91.58
2021-10-22 00:00:00+05:30,3734.0,3760.0,3650.0,3690.0,192033.0,5695.0,96.2
2021-10-25 00:00:00+05:30,3690.0,3696.55,3617.7,3631.05,289025.0,488499.0,100.0
2021-10-26 00:00:00+05:30,3649.0,3705.05,3605.85,3692.8,326825.0,22487.0,92.75
2021-10-27 00:00:00+05:30,3700.9,3731.2,3681.45,3697.85,441016.0,10689.0,97.31
2021-10-28 00:00:00+05:30,3725.0,3728.7,3654.0,3681.9,193658.0,7831.0,99.26
2021-10-29 00:00:00+05:30,3681.0,3708.95,3641.05,3675.75,283538.0,142928.0,98.56
2021-11-01 00:00:00+05:30,3694.0,3700.0,3651.1,3678.15,139729.0,6887.0,87.09
2021-11-02 00:00:00+05:30,3680.2,3707.6,3667.05,3682.9,151494.0,7254.0,95.2
2021-11-03 00:00:00+05:30,3695.0,3699.8,3618.05,3629.85,185119.0,4076.0,86.61
2021-11-04 00:00:00+05:30,3658.0,3666.5,3639.35,3652.6,23648.0,1817.0,79.87
2021-11-08 00:00:00+05:30,3666.0,3728.85,3620.0,3717.7,336930.0,9478.0,95.81
2021-11-09 00:00:00+05:30,3590.0,3639.0,3535.15,3621.6,1399086.0,29476.0,98.5
2021-11-10 00:00:00+05:30,3629.45,3720.0,3600.0,3698.5,706742.0,21040.0,99.93
2021-11-11 00:00:00+05:30,3699.1,3718.0,3633.3,3643.4,298625.0,6878.0,99.21
2021-11-12 00:00:00+05:30,3668.6,3701.95,3641.25,3687.95,275060.0,23185.0,99.99
2021-11-15 00:00:00+05:30,3700.0,3747.6,3674.0,3742.6,320529.0,33291.0,100.0
2021-11-16 00:00:00+05:30,3751.0,3760.0,3681.0,3690.75,199179.0,10523.0,93.91
2021-11-17 00:00:00+05:30,3690.75,3699.95,3607.8,3615.05,250996.0,25965.0,99.68
2021-11-18 00:00:00+05:30,3644.8,3644.8,3555.0,3571.6,248828.0,16053.0,100.0
2021-11-22 00:00:00+05:30,3589.0,3628.5,3570.0,3581.6,364653.0,6385.0,100.0
2021-11-23 00:00:00+05:30,3577.8,3670.0,3574.0,3662.15,365672.0,37244.0,100.0
2021-11-24 00:00:00+05:30,3660.0,3674.0,3610.0,3623.35,149025.0,5536.0,99.95
2021-11-25 00:00:00+05:30,3610.5,3633.8,3566.0,3573.4,232784.0,2877.0,93.17
2021-11-26 00:00:00+05:30,3560.0,3635.1,3533.95,3555.3,372530.0,7839.0,99.2
2021-11-29 00:00:00+05:30,3550.0,3550.0,3469.1,3528.6,281082.0,10675.0,99.44
2021-11-30 00:00:00+05:30,3514.0,3565.0,3501.1,3545.5,633377.0,251102.0,99.79
2021-12-01 00:00:00+05:30,3550.5,3606.7,3528.0,3535.25,312855.0,2837.0,96.79
2021-12-02 00:00:00+05:30,3540.0,3607.3,3530.0,3578.5,377041.0,36654.0,67.58
2021-12-03 00:00:00+05:30,3557.0,3593.45,3550.0,3553.75,313990.0,5876.0,94.18
2021-12-06 00:00:00+05:30,3556.0,3581.1,3490.0,3496.2,165986.0,5304.0,79.05
2021-12-07 00:00:00+05:30,3502.05,3529.0,3467.0,3474.2,254445.0,6474.0,85.67
2021-12-08 00:00:00+05:30,3489.95,3582.45,3483.0,3575.75,326189.0,7566.0,97.44
2021-12-09 00:00:00+05:30,3565.0,3634.45,3564.0,3623.9,284117.0,4534.0,67.82
2021-12-10 00:00:00+05:30,3623.9,3642.0,3604.4,3632.45,190379.0,3821.0,78.17
2021-12-13 00:00:00+05:30,3641.0,3658.35,3576.95,3588.75,311904.0,13081.0,99.93
2021-12-14 00:00:00+05:30,3580.0,3597.45,3543.05,3579.65,297867.0,15445.0,98.31
2021-12-15 00:00:00+05:30,3571.0,3579.6,3521.5,3541.6,152079.0,2203.0,96.08
2021-12-16 00:00:00+05:30,3550.0,3571.65,3536.65,3560.6,121782.0,9253.0,96.25
2021-12-17 00:00:00+05:30,3546.0,3556.0,3500.0,3536.15,307396.0,13571.0,96.57
2021-12-20 00:00:00+05:30,3522.0,3530.0,3430.1,3471.9,382144.0,4226.0,93.64
2021-12-21 00:00:00+05:30,3473.9,3541.35,3461.05,3505.75,222991.0,38280.0,99.83
2021-12-22 00:00:00+05:30,3522.0,3538.6,3484.6,3497.0,257611.0,4395.0,99.5
2021-12-23 00:00:00+05:30,3503.1,3560.0,3502.0,3554.6,163291.0,3632.0,99.73
2021-12-24 00:00:00+05:30,3560.0,3565.0,3519.0,3541.3,136780.0,4835.0,98.47
2021-12-27 00:00:00+05:30,3540.0,3544.55,3506.7,3513.2,94111.0,5831.0,98.36
2021-12-28 00:00:00+05:30,3531.0,3562.0,3511.1,3550.65,99497.0,5536.0,99.77
2021-12-29 00:00:00+05:30,3550.65,3569.8,3525.2,3559.6,163737.0,5581.0,98.14
2021-12-30 00:00:00+05:30,3570.0,3586.0,3526.05,3573.9,167005.0,4976.0,94.33
2021-12-31 00:00:00+05:30,3586.0,3623.2,3569.05,3606.0,244207.0,5717.0,99.46
2022-01-03 00:00:00+05:30,3610.0,3626.0,3582.2,3617.55,149679.0,5759.0,98.92
2022-01-04 00:00:00+05:30,3623.0,3643.85,3610.0,3638.45,317247.0,6792.0,96.6
2022-01-05 00:00:00+05:30,3638.0,3689.0,3633.05,3659.7,245395.0,5059.0,91.58
2022-01-06 00:00:00+05:30,3659.7,3686.95,3625.8,3675.1,340345.0,2991.0,98.91
2022-01-07 00:00:00+05:30,3685.0,3742.0,3682.85,3737.35,241905.0,5005.0,74.05
2022-01-10 00:00:00+05:30,3737.35,3778.0,3727.9,3768.3,351447.0,23687.0,98.05
2022-01-11 00:00:00+05:30,3768.3,3800.95,3738.1,3743.35,206008.0,12913.0,99.99
2022-01-12 00:00:00+05:30,3750.0,3759.75,3691.0,3700.2,311095.0,11072.0,98.26
2022-01-13 00:00:00+05:30,3700.2,3759.95,3691.3,3749.05,129143.0,2895.0,71.46
2022-01-14 00:00:00+05:30,3749.05,3754.9,3695.3,3712.05,97013.0,72848.0,99.98
2022-01-17 00:00:00+05:30,3697.0,3712.8,3642.35,3665.15,170221.0,4086.0,99.46
2022-01-18 00:00:00+05:30,3668.0,3694.7,3611.1,3621.9,168104.0,5326.0,99.83
2022-01-19 00:00:00+05:30,3620.0,3627.55,3565.0,3575.65,129227.0,3978.0,87.07
2022-01-20 00:00:00+05:30,3590.0,3624.0,3576.5,3605.15,173547.0,7711.0,100.0
2022-01-21 00:00:00+05:30,3606.0,3629.0,3575.7,3618.3,162594.0,6700.0,100.0
2022-01-24 00:00:00+05:30,3610.0,3626.55,3505.0,3523.85,240598.0,14476.0,99.04
2022-01-25 00:00:00+05:30,3502.0,3565.45,3430.25,3539.3,306411.0,8411.0,98.39
2022-01-27 00:00:00+05:30,3535.0,3535.0,3435.65,3494.15,353612.0,6437.0,99.97
2022-01-28 00:00:00+05:30,3494.15,3595.0,3494.15,3509.65,249034.0,3846.0,89.26
2022-01-31 00:00:00+05:30,3510.0,3636.0,3510.0,3535.3,462842.0,4128.0,99.85
2022-02-01 00:00:00+05:30,3560.0,3710.0,3545.05,3656.6,631482.0,10744.0,99.9
2022-02-02 00:00:00+05:30,3670.0,3670.0,3604.8,3621.05,209928.0,8931.0,99.88
2022-02-03 00:00:00+05:30,3622.0,3652.0,3555.0,3562.4,203975.0,7068.0,99.73
2022-02-04 00:00:00+05:30,3583.45,3593.7,3540.0,3562.0,162672.0,2607.0,86.76
2022-02-07 00:00:00+05:30,3561.95,3579.8,3440.0,3448.6,279194.0,4187.0,99.9
2022-02-08 00:00:00+05:30,3441.0,3490.0,3418.4,3473.45,363856.0,6058.0,97.95
2022-02-09 00:00:00+05:30,3509.0,3540.7,3473.45,3517.35,172750.0,5002.0,99.88
2022-02-10 00:00:00+05:30,3522.0,3543.85,3485.0,3534.55,172088.0,3184.0,94.12
2022-02-11 00:00:00+05:30,3499.0,3509.35,3429.0,3480.55,340217.0,52471.0,98.23
2022-02-14 00:00:00+05:30,3428.0,3455.0,3388.05,3398.0,209831.0,9524.0,99.69
2022-02-15 00:00:00+05:30,3425.0,3490.0,3400.0,3477.9,209065.0,69455.0,99.32
2022-02-16 00:00:00+05:30,3480.0,3498.8,3435.0,3462.0,190567.0,8384.0,97.59
2022-02-17 00:00:00+05:30,3482.6,3483.0,3430.0,3464.1,173362.0,1849.0,92.54
2022-02-18 00:00:00+05:30,3450.0,3495.0,3444.15,3481.65,121161.0,13027.0,97.46
2022-02-21 00:00:00+05:30,3431.1,3500.0,3430.0,3475.25,138287.0,2694.0,74.94
2022-02-22 00:00:00+05:30,3405.0,3498.0,3405.0,3489.75,246372.0,4152.0,86.77
2022-02-23 00:00:00+05:30,3497.75,3530.0,3470.0,3511.15,326853.0,6107.0,82.2
2022-02-24 00:00:00+05:30,3439.5,3504.0,3414.0,3446.0,529995.0,5841.0,89.13
2022-02-25 00:00:00+05:30,3435.0,3444.0,3350.4,3422.75,722637.0,3157.0,82.11
2022-02-28 00:00:00+05:30,3405.0,3440.0,3327.35,3427.45,426929.0,10502.0,92.38
2022-03-02 00:00:00+05:30,3420.95,3420.95,3371.75,3391.75,416582.0,5410.0,86.34
2022-03-03 00:00:00+05:30,3405.0,3439.55,3350.0,3366.4,429892.0,7723.0,84.69
2022-03-04 00:00:00+05:30,3350.0,3394.85,3275.0,3371.35,331936.0,3345.0,99.49
2022-03-07 00:00:00+05:30,3300.0,3300.55,3138.55,3153.45,711477.0,14230.0,99.52
2022-03-08 00:00:00+05:30,3115.0,3180.0,3050.0,3113.75,541966.0,9318.0,88.32
2022-03-09 00:00:00+05:30,3144.0,3170.0,3093.7,3123.85,483468.0,1758.0,85.63
2022-03-10 00:00:00+05:30,3225.0,3248.0,3144.8,3222.95,490457.0,8724.0,94.25
2022-03-11 00:00:00+05:30,3250.0,3256.6,3192.8,3199.9,362091.0,2592.0,90.76
2022-03-14 00:00:00+05:30,3199.9,3215.0,3145.1,3185.85,335292.0,14890.0,95.03
2022-03-15 00:00:00+05:30,3186.0,3249.0,3181.65,3222.85,258636.0,1749.0,80.19
2022-03-16 00:00:00+05:30,3244.0,3318.35,3232.25,3313.65,239522.0,3581.0,95.42
2022-03-17 00:00:00+05:30,3322.0,3362.0,3300.55,3355.95,436218.0,10987.0,99.53
2022-03-21 00:00:00+05:30,3350.0,3350.0,3230.0,3237.55,354460.0,26041.0,99.64
2022-03-22 00:00:00+05:30,3230.0,3250.0,3132.25,3158.4,583821.0,16920.0,99.67
2022-03-23 00:00:00+05:30,3167.4,3173.85,3092.0,3102.25,1044283.0,4727.0,99.79
2022-03-24 00:00:00+05:30,3087.0,3130.0,3080.55,3103.85,459226.0,6635.0,100.0
2022-03-25 00:00:00+05:30,3110.0,3122.75,3074.1,3094.5,339040.0,4249.0,99.98
2022-03-28 00:00:00+05:30,3094.5,3118.95,3060.05,3094.8,310240.0,112863.0,100.0
2022-03-29 00:00:00+05:30,3112.0,3134.0,3090.2,3103.8,359318.0,8151.0,98.79
2022-03-30 00:00:00+05:30,3123.65,3160.0,3114.65,3148.4,450273.0,2593.0,85.8
2022-03-31 00:00:00+05:30,3149.3,3218.5,3147.3,3206.4,413897.0,2552.0,98.84
2022-04-01 00:00:00+05:30,3210.0,3237.9,3191.65,3230.65,260712.0,4148.0,95.49
2022-04-04 00:00:00+05:30,3230.0,3276.4,3215.0,3270.0,275388.0,8555.0,98.04
2022-04-05 00:00:00+05:30,3280.0,3314.95,3271.9,3303.4,236853.0,7308.0,98.54
2022-04-06 00:00:00+05:30,3282.0,3295.0,3254.65,3282.5,245111.0,5311.0,99.68
2022-04-07 00:00:00+05:30,3275.0,3322.0,3265.65,3294.1,302703.0,4029.0,99.88
2022-04-08 00:00:00+05:30,3287.0,3354.3,3287.0,3347.9,168952.0,4692.0,98.95
2022-04-11 00:00:00+05:30,3347.9,3370.0,3297.05,3350.65,186130.0,3271.0,92.38
2022-04-12 00:00:00+05:30,3340.0,3364.9,3302.3,3344.1,238043.0,9826.0,99.04
2022-04-13 00:00:00+05:30,3340.0,3388.0,3340.0,3349.65,205852.0,7307.0,99.71
2022-04-18 00:00:00+05:30,3345.0,3367.9,3306.05,3343.9,197878.0,3847.0,75.65
2022-04-19 00:00:00+05:30,3343.9,3388.0,3245.3,3267.9,296680.0,8543.0,99.35
2022-04-20 00:00:00+05:30,3266.0,3335.0,3242.0,3304.2,235572.0,6781.0,99.63
2022-04-21 00:00:00+05:30,3297.0,3369.95,3274.4,3359.9,152205.0,2914.0,97.98
2022-04-22 00:00:00+05:30,3341.3,3377.5,3325.0,3364.1,148494.0,3283.0,100.0
2022-04-25 00:00:00+05:30,3280.0,3347.05,3132.05,3295.9,630312.0,3631.0,95.63
2022-04-26 00:00:00+05:30,3308.3,3402.0,3301.3,3372.7,398545.0,6813.0,96.11
2022-04-27 00:00:00+05:30,3350.0,3384.7,3312.15,3338.25,248769.0,2146.0,100.0
2022-04-28 00:00:00+05:30,3270.0,3391.55,3263.1,3357.9,322548.0,2902.0,93.67
2022-04-29 00:00:00+05:30,3360.1,3370.9,3266.5,3279.25,259398.0,2489.0,88.83
2022-05-02 00:00:00+05:30,3242.0,3284.9,3203.0,3271.3,215783.0,2128.0,99.95
2022-05-04 00:00:00+05:30,3340.0,3596.0,3328.15,3385.45,2871830.0,8491.0,81.71
2022-05-05 00:00:00+05:30,3410.0,3423.55,3260.0,3277.0,623098.0,11415.0,99.55
2022-05-06 00:00:00+05:30,3245.0,3323.85,3187.1,3307.8,560373.0,2996.0,100.0
2022-05-09 00:00:00+05:30,3282.5,3338.3,3225.0,3252.05,403409.0,5201.0,99.01
2022-05-10 00:00:00+05:30,3261.0,3320.6,3235.0,3246.55,285192.0,95506.0,99.9
2022-05-11 00:00:00+05:30,3240.0,3283.8,3195.0,3259.85,269579.0,3308.0,99.28
2022-05-12 00:00:00+05:30,3225.5,3239.95,3156.9,3216.85,310942.0,4638.0,99.57
2022-05-13 00:00:00+05:30,3225.0,3321.0,3225.0,3278.5,326757.0,5072.0,99.02
2022-05-16 00:00:00+05:30,3337.0,3337.95,3253.4,3284.9,270772.0,3069.0,99.48
2022-05-17 00:00:00+05:30,3289.0,3382.9,3285.45,3368.85,277190.0,2474.0,99.16
2022-05-18 00:00:00+05:30,3350.0,3432.65,3350.0,3394.35,435712.0,2022.0,92.46
2022-05-19 00:00:00+05:30,3365.0,3388.6,3308.05,3332.05,394058.0,2267.0,97.59
2022-05-20 00:00:00+05:30,3360.0,3463.8,3352.0,3450.25,525530.0,3274.0,70.3
2022-05-23 00:00:00+05:30,3451.25,3538.0,3451.25,3487.05,524978.0,14529.0,58.92
2022-05-24 00:00:00+05:30,3515.0,3518.0,3440.0,3470.45,230532.0,4102.0,93.63
2022-05-25 00:00:00+05:30,3491.7,3525.0,3472.15,3516.5,286553.0,2608.0,99.39
2022-05-26 00:00:00+05:30,3550.0,3577.85,3513.5,3560.95,545260.0,7134.0,80.77
2022-05-27 00:00:00+05:30,3583.0,3583.35,3510.25,3557.6,165721.0,6921.0,76.4
2022-05-30 00:00:00+05:30,3561.4,3617.65,3541.6,3576.25,213495.0,2538.0,78.8
2022-05-31 00:00:00+05:30,3576.6,3700.0,3555.25,3647.8,562987.0,13634.0,96.83
2022-06-01 00:00:00+05:30,3649.1,3669.75,3533.0,3551.3,241386.0,34611.0,87.29
2022-06-02 00:00:00+05:30,3570.0,3583.8,3505.75,3577.05,213099.0,12607.0,98.18
2022-06-03 00:00:00+05:30,3575.0,3597.1,3493.0,3530.0,271462.0,10160.0,90.9
2022-06-06 00:00:00+05:30,3530.0,3535.0,3450.05,3491.95,153889.0,1867.0,82.17
2022-06-07 00:00:00+05:30,3465.0,3478.9,3354.0,3383.45,338018.0,8164.0,94.2
2022-06-08 00:00:00+05:30,3385.0,3402.6,3310.0,3361.5,320103.0,2324.0,99.49
2022-06-09 00:00:00+05:30,3361.15,3382.05,3306.0,3347.25,347351.0,3407.0,90.54
2022-06-10 00:00:00+05:30,3316.0,3372.25,3301.1,3360.85,503822.0,2353.0,98.7
2022-06-13 00:00:00+05:30,3339.0,3375.0,3310.95,3359.0,463899.0,2535.0,70.16
2022-06-14 00:00:00+05:30,3359.55,3393.0,3330.05,3382.85,224645.0,9871.0,93.14
2022-06-15 00:00:00+05:30,3388.0,3402.9,3352.05,3385.4,245702.0,1790.0,96.18
2022-06-16 00:00:00+05:30,3400.1,3431.9,3372.05,3390.4,481507.0,1507.0,98.18
2022-06-17 00:00:00+05:30,3390.4,3390.4,3300.3,3332.1,527370.0,2199.0,83.33
2022-06-20 00:00:00+05:30,3300.0,3399.9,3270.95,3378.6,364703.0,2663.0,97.87
2022-06-21 00:00:00+05:30,3378.6,3472.85,3375.05,3429.3,223641.0,5642.0,99.02
2022-06-22 00:00:00+05:30,3412.0,3454.9,3386.2,3403.65,170854.0,2218.0,99.91
2022-06-23 00:00:00+05:30,3414.95,3447.85,3390.5,3411.45,351311.0,6963.0,99.79
2022-06-24 00:00:00+05:30,3429.0,3504.95,3429.0,3469.35,301133.0,2707.0,100.0
2022-06-27 00:00:00+05:30,3502.0,3505.95,3447.25,3459.1,419730.0,2916.0,98.15
2022-06-28 00:00:00+05:30,3455.0,3469.9,3388.05,3434.7,182574.0,5512.0,99.4
2022-06-29 00:00:00+05:30,3434.7,3455.6,3360.0,3404.15,374478.0,2123.0,99.95
2022-06-30 00:00:00+05:30,3380.0,3483.15,3380.0,3466.4,479308.0,619.0,96.87
2022-07-01 00:00:00+05:30,3412.0,3600.0,3412.0,3584.35,292487.0,1545.0,88.79
2022-07-04 00:00:00+05:30,3575.0,3713.45,3575.0,3700.45,614359.0,4610.0,99.57
2022-07-05 00:00:00+05:30,3709.0,3714.0,3636.0,3656.6,612519.0,4568.0,99.52
2022-07-06 00:00:00+05:30,3650.15,3840.9,3642.25,3830.8,1043070.0,4621.0,98.61
2022-07-07 00:00:00+05:30,3828.0,3882.1,3799.85,3810.25,519620.0,4977.0,98.99
2022-07-08 00:00:00+05:30,3830.0,3850.95,3792.5,3816.95,379513.0,4884.0,99.51
2022-07-11 00:00:00+05:30,3829.2,3840.4,3780.0,3795.4,208602.0,676.0,99.56
2022-07-12 00:00:00+05:30,3783.0,3787.85,3716.15,3725.5,283587.0,1513.0,100.0
2022-07-13 00:00:00+05:30,3731.05,3762.1,3712.1,3726.0,164377.0,4372.0,66.43
2022-07-14 00:00:00+05:30,3726.0,3789.0,3713.05,3774.15,265732.0,1475.0,99.33
2022-07-15 00:00:00+05:30,3785.0,3862.8,3779.1,3848.9,660790.0,2539.0,99.96
2022-07-18 00:00:00+05:30,3860.0,3880.0,3759.0,3774.95,455399.0,4907.0,98.28
2022-07-19 00:00:00+05:30,3774.95,3797.1,3742.3,3787.45,228968.0,1926.0,99.64
2022-07-20 00:00:00+05:30,3805.0,3849.0,3793.85,3828.3,440495.0,2087.0,92.35
2022-07-21 00:00:00+05:30,3844.0,3865.75,3821.0,3855.5,282104.0,5313.0,98.83
2022-07-22 00:00:00+05:30,3860.0,3929.0,3843.65,3871.45,433423.0,6574.0,99.92
2022-07-25 00:00:00+05:30,3871.45,3915.0,3850.0,3885.9,290154.0,2029.0,99.02
2022-07-26 00:00:00+05:30,3900.0,3900.0,3795.5,3807.15,267526.0,1551.0,99.94
2022-07-27 00:00:00+05:30,3800.0,3863.9,3781.15,3854.55,200264.0,8134.0,99.33
2022-07-28 00:00:00+05:30,3863.5,3882.0,3836.4,3869.35,316005.0,2842.0,97.36
2022-07-29 00:00:00+05:30,3883.0,3949.35,3876.9,3900.4,418967.0,4239.0,99.88
2022-08-01 00:00:00+05:30,3900.4,3916.0,3838.2,3855.65,323095.0,4121.0,98.78
2022-08-02 00:00:00+05:30,3875.0,3909.0,3758.1,3788.15,355852.0,3454.0,88.68
2022-08-03 00:00:00+05:30,3780.0,3793.35,3726.05,3770.0,428088.0,3253.0,97.89
2022-08-04 00:00:00+05:30,3762.75,3792.0,3726.0,3775.05,506648.0,5006.0,95.74
2022-08-05 00:00:00+05:30,3745.0,3835.9,3678.85,3688.1,798832.0,2034.0,100.0
2022-08-08 00:00:00+05:30,3688.1,3701.9,3612.8,3631.4,309938.0,6658.0,98.11
2022-08-10 00:00:00+05:30,3640.0,3674.8,3624.05,3647.75,191202.0,4355.0,99.73
2022-08-11 00:00:00+05:30,3666.0,3682.8,3632.2,3640.3,167069.0,2264.0,100.0
2022-08-12 00:00:00+05:30,3650.0,3667.3,3607.65,3659.75,228587.0,2467.0,99.32
2022-08-16 00:00:00+05:30,3678.05,3723.95,3675.0,3690.45,239512.0,29622.0,99.54
2022-08-17 00:00:00+05:30,3693.0,3714.95,3681.15,3705.2,353940.0,3661.0,95.94
2022-08-18 00:00:00+05:30,3712.0,3726.95,3681.05,3693.05,232258.0,4764.0,100.0
2022-08-19 00:00:00+05:30,3693.05,3709.45,3642.45,3662.55,177938.0,6450.0,97.77
2022-08-22 00:00:00+05:30,3662.55,3733.0,3635.05,3676.45,366362.0,1641.0,84.89
2022-08-23 00:00:00+05:30,3650.0,3704.95,3638.0,3678.7,189148.0,3893.0,92.36
2022-08-24 00:00:00+05:30,3677.0,3688.0,3636.45,3659.15,187718.0,2299.0,84.96
2022-08-25 00:00:00+05:30,3677.45,3678.2,3640.0,3646.6,208566.0,3010.0,99.18
2022-08-26 00:00:00+05:30,3664.85,3668.0,3627.1,3650.15,220793.0,3269.0,90.58
2022-08-29 00:00:00+05:30,3618.0,3730.0,3585.25,3707.65,525581.0,1152.0,88.14
2022-08-30 00:00:00+05:30,3717.0,3766.15,3717.0,3747.75,467342.0,6383.0,99.7
2022-09-01 00:00:00+05:30,3730.0,3745.4,3672.1,3718.15,314888.0,6604.0,100.0
2022-09-02 00:00:00+05:30,3736.75,3758.9,3700.0,3704.25,202119.0,1517.0,71.96
2022-09-05 00:00:00+05:30,3681.0,3715.0,3658.1,3662.6,234229.0,5509.0,92.42
2022-09-06 00:00:00+05:30,3672.0,3692.6,3595.0,3608.8,390743.0,3808.0,98.27
2022-09-07 00:00:00+05:30,3600.0,3674.8,3588.0,3667.9,287674.0,7266.0,78.43
2022-09-08 00:00:00+05:30,3683.0,3687.0,3632.9,3672.65,384828.0,7645.0,98.21
2022-09-09 00:00:00+05:30,3685.5,3700.0,3641.85,3649.5,134487.0,6251.0,95.42
2022-09-12 00:00:00+05:30,3640.2,3697.95,3640.2,3671.85,212679.0,3676.0,97.56
2022-09-13 00:00:00+05:30,3665.0,3765.0,3665.0,3757.7,398763.0,4055.0,99.75
2022-09-14 00:00:00+05:30,3708.0,3761.7,3708.0,3747.0,389253.0,3389.0,99.18
2022-09-15 00:00:00+05:30,3765.0,3789.0,3713.05,3721.55,311462.0,10542.0,86.89
2022-09-16 00:00:00+05:30,3703.55,3741.4,3621.1,3639.55,559125.0,2402.0,94.83
2022-09-19 00:00:00+05:30,3635.0,3642.15,3564.1,3592.35,211743.0,2865.0,87.27
2022-09-20 00:00:00+05:30,3610.35,3665.0,3602.0,3650.6,346598.0,7418.0,95.32
2022-09-21 00:00:00+05:30,3646.0,3789.0,3637.0,3765.65,773840.0,4460.0,88.26
2022-09-22 00:00:00+05:30,3764.0,3835.45,3751.0,3825.95,687169.0,2048.0,99.47
2022-09-23 00:00:00+05:30,3825.95,3842.8,3782.35,3796.7,326569.0,3081.0,97.9
2022-09-26 00:00:00+05:30,3796.7,3827.85,3775.5,3787.5,626880.0,3579.0,99.0
2022-09-27 00:00:00+05:30,3806.45,3889.8,3800.0,3824.15,584553.0,1382.0,98.78
2022-09-28 00:00:00+05:30,3817.9,3868.0,3795.6,3853.2,364916.0,3452.0,96.02
2022-09-29 00:00:00+05:30,3871.45,3873.0,3810.0,3864.5,450206.0,3267.0,99.45
2022-09-30 00:00:00+05:30,3870.0,3887.65,3820.05,3843.05,309888.0,3163.0,95.27
2022-10-03 00:00:00+05:30,3862.0,3878.2,3753.8,3768.95,251824.0,1639.0,91.41
2022-10-04 00:00:00+05:30,3807.0,3826.65,3775.55,3818.15,153834.0,8532.0,99.57
2022-10-06 00:00:00+05:30,3837.25,3847.65,3760.7,3767.55,308189.0,8658.0,99.75
2022-10-07 00:00:00+05:30,3776.0,3795.0,3732.25,3785.65,318471.0,1750.0,87.5
2022-10-10 00:00:00+05:30,3750.0,3812.0,3717.0,3797.85,185199.0,456.0,72.84
2022-10-11 00:00:00+05:30,3816.85,3820.7,3718.0,3727.9,202643.0,21537.0,90.29
2022-10-12 00:00:00+05:30,3746.55,3774.4,3726.35,3763.0,271143.0,2975.0,79.1
2022-10-13 00:00:00+05:30,3771.5,3794.0,3748.9,3784.6,156767.0,3591.0,99.12
2022-10-14 00:00:00+05:30,3800.1,3814.9,3769.25,3796.25,350116.0,4563.0,95.8
2022-10-17 00:00:00+05:30,3801.9,3801.9,3752.55,3777.7,93311.0,1206.0,95.49
2022-10-18 00:00:00+05:30,3796.6,3804.95,3748.6,3766.85,189864.0,2227.0,93.38
2022-10-19 00:00:00+05:30,3770.0,3789.5,3742.0,3768.5,182278.0,3973.0,99.75
2022-10-20 00:00:00+05:30,3763.0,3802.9,3747.65,3790.15,230082.0,14716.0,99.89
2022-10-21 00:00:00+05:30,3793.0,3814.55,3761.6,3792.7,404936.0,859538.0,99.44
2022-10-24 00:00:00+05:30,3799.0,3835.6,3712.0,3801.85,32821.0,1553.0,99.87
2022-10-25 00:00:00+05:30,3804.0,3804.9,3690.0,3713.1,228493.0,1897.0,89.06
2022-10-27 00:00:00+05:30,3714.0,3769.9,3701.3,3755.3,317965.0,45738.0,65.43
2022-10-28 00:00:00+05:30,3767.0,3792.0,3732.0,3777.7,215005.0,17423.0,62.15
2022-10-31 00:00:00+05:30,3788.0,3800.0,3739.35,3766.55,198318.0,2961.0,97.02
2022-11-01 00:00:00+05:30,3780.0,3808.6,3755.05,3788.0,338873.0,3965.0,87.7
2022-11-02 00:00:00+05:30,3788.0,3794.4,3714.3,3723.95,185469.0,1874.0,97.91
2022-11-03 00:00:00+05:30,3707.0,3760.55,3705.45,3748.05,140950.0,4533.0,97.57
2022-11-04 00:00:00+05:30,3748.05,3814.95,3746.15,3804.2,258490.0,1696.0,95.28
2022-11-07 00:00:00+05:30,3930.05,4190.0,3930.05,4139.25,3142409.0,8049.0,99.83
2022-11-09 00:00:00+05:30,4140.0,4237.0,4140.0,4175.35,1198454.0,9601.0,100.0
2022-11-10 00:00:00+05:30,4152.6,4189.65,4108.3,4134.65,417580.0,1811.0,100.0
2022-11-11 00:00:00+05:30,4155.35,4177.0,4085.0,4098.65,344529.0,5123.0,99.51
2022-11-14 00:00:00+05:30,4100.0,4153.5,4074.6,4103.95,336105.0,2090.0,83.9
2022-11-15 00:00:00+05:30,4124.5,4153.6,4083.25,4139.35,325841.0,7709.0,94.94
2022-11-16 00:00:00+05:30,4126.75,4145.0,4093.75,4131.5,149909.0,6788.0,97.31
2022-11-17 00:00:00+05:30,4120.0,4150.0,4105.15,4125.2,238476.0,1137.0,99.21
2022-11-18 00:00:00+05:30,4138.0,4138.0,4061.1,4106.05,281187.0,4579.0,85.93
2022-11-21 00:00:00+05:30,4118.0,4149.0,4095.1,4120.05,288494.0,1849.0,98.09
2022-11-22 00:00:00+05:30,4133.95,4164.25,4107.6,4157.6,319377.0,1391.0,98.23
2022-11-23 00:00:00+05:30,4160.0,4194.05,4139.5,4155.15,247440.0,3013.0,94.27
2022-11-24 00:00:00+05:30,4165.0,4209.55,4155.15,4191.2,231507.0,4672.0,98.03
2022-11-25 00:00:00+05:30,4212.0,4212.0,4148.3,4183.7,244021.0,3482.0,95.14
2022-11-28 00:00:00+05:30,4168.85,4229.3,4161.0,4213.05,222792.0,6362.0,100.0
2022-11-29 00:00:00+05:30,4225.0,4302.0,4225.0,4285.35,598862.0,4700.0,94.34
2022-11-30 00:00:00+05:30,4297.95,4387.9,4290.05,4362.3,1101544.0,4410.0,82.72
2022-12-01 00:00:00+05:30,4364.55,4410.5,4335.35,4401.25,501693.0,5850.0,97.6
2022-12-02 00:00:00+05:30,4400.0,4444.05,4380.3,4432.9,530301.0,8131.0,99.06
2022-12-05 00:00:00+05:30,4422.85,4427.65,4370.0,4403.35,212912.0,4101.0,99.76
2022-12-06 00:00:00+05:30,4398.9,4451.65,4382.05,4424.35,349352.0,4635.0,100.0
2022-12-07 00:00:00+05:30,4424.35,4435.0,4383.35,4393.55,252294.0,1654.0,98.86
2022-12-08 00:00:00+05:30,4395.85,4442.65,4384.2,4394.9,282408.0,3784.0,97.25
2022-12-09 00:00:00+05:30,4402.0,4426.4,4384.2,4410.3,233436.0,1019.0,100.0
2022-12-12 00:00:00+05:30,4419.05,4439.05,4384.0,4432.55,233360.0,5687.0,90.43
2022-12-13 00:00:00+05:30,4452.0,4452.0,4410.65,4426.55,158169.0,4457.0,98.98
2022-12-14 00:00:00+05:30,4440.0,4446.0,4390.1,4409.7,195654.0,1976.0,99.8
2022-12-15 00:00:00+05:30,4428.3,4485.0,4412.0,4465.45,370461.0,2812.0,63.49
2022-12-16 00:00:00+05:30,4459.5,4477.15,4416.7,4444.7,346505.0,2294.0,89.64
2022-12-19 00:00:00+05:30,4455.0,4537.0,4423.5,4526.5,330657.0,1618.0,82.13
2022-12-20 00:00:00+05:30,4529.0,4533.95,4467.05,4509.05,206827.0,2585.0,99.19
2022-12-21 00:00:00+05:30,4509.05,4530.0,4406.15,4418.85,303184.0,2487.0,86.41
2022-12-22 00:00:00+05:30,4444.0,4446.35,4377.0,4391.45,243299.0,5557.0,92.17
2022-12-23 00:00:00+05:30,4375.15,4398.95,4324.1,4331.9,224214.0,5209.0,73.43
2022-12-26 00:00:00+05:30,4315.5,4399.9,4313.8,4375.35,166686.0,9403.0,99.68
2022-12-27 00:00:00+05:30,4380.7,4400.0,4350.0,4369.25,138087.0,1467.0,100.0
2022-12-28 00:00:00+05:30,4362.0,4407.45,4362.0,4385.95,159245.0,2114.0,95.27
2022-12-29 00:00:00+05:30,4375.0,4389.75,4296.55,4348.3,244626.0,3263.0,94.5
2022-12-30 00:00:00+05:30,4355.2,4374.95,4298.55,4307.45,117753.0,1249.0,74.7
2023-01-02 00:00:00+05:30,4379.95,4379.95,4275.1,4292.15,255314.0,4494.0,66.56
2023-01-03 00:00:00+05:30,4255.1,4295.65,4206.3,4241.85,496975.0,6830.0,94.14
2023-01-04 00:00:00+05:30,4254.95,4276.0,4216.35,4235.0,216319.0,1686.0,85.24
2023-01-05 00:00:00+05:30,4235.0,4387.0,4235.0,4313.2,686633.0,4504.0,89.03
2023-01-06 00:00:00+05:30,4313.2,4369.0,4310.0,4359.05,297438.0,62508.0,99.83
2023-01-09 00:00:00+05:30,4380.0,4387.9,4336.2,4364.3,170110.0,2026.0,100.0
2023-01-10 00:00:00+05:30,4360.0,4363.0,4317.3,4326.85,235445.0,8861.0,94.62
2023-01-11 00:00:00+05:30,4326.0,4358.65,4298.0,4314.3,224668.0,3853.0,99.87
2023-01-12 00:00:00+05:30,4319.3,4340.9,4284.0,4299.25,248083.0,993.0,94.75
2023-01-13 00:00:00+05:30,4304.0,4370.7,4287.45,4336.1,183772.0,912.0,94.8
2023-01-16 00:00:00+05:30,4336.1,4346.45,4300.0,4309.6,84814.0,939.0,84.98
2023-01-17 00:00:00+05:30,4309.0,4372.95,4291.75,4362.05,169798.0,1375.0,90.1
2023-01-18 00:00:00+05:30,4360.0,4422.0,4355.55,4393.7,192855.0,7279.0,98.64
2023-01-19 00:00:00+05:30,4379.8,4399.95,4357.1,4372.4,139431.0,32994.0,100.0
2023-01-20 00:00:00+05:30,4362.0,4362.0,4312.85,4318.95,154486.0,4945.0,78.23
2023-01-23 00:00:00+05:30,4330.0,4357.45,4319.15,4337.85,119143.0,1787.0,93.66
2023-01-24 00:00:00+05:30,4350.8,4408.95,4323.2,4396.05,135586.0,4206.0,100.0
2023-01-25 00:00:00+05:30,4384.0,4444.0,4360.0,4388.15,288089.0,3240.0,86.63
2023-01-27 00:00:00+05:30,4435.0,4439.0,4353.8,4380.4,340484.0,2539.0,56.52
2023-01-30 00:00:00+05:30,4396.5,4418.0,4320.0,4406.75,218721.0,3367.0,99.97
2023-01-31 00:00:00+05:30,4418.0,4418.0,4264.0,4317.6,605699.0,9701.0,99.39
2023-02-01 00:00:00+05:30,4329.9,4444.5,4326.85,4370.95,622541.0,9418.0,98.18
2023-02-02 00:00:00+05:30,4518.95,4596.0,4370.0,4573.05,1669243.0,1271.0,99.61
2023-02-03 00:00:00+05:30,4590.0,4659.75,4570.1,4628.85,517467.0,1605.0,100.0
2023-02-06 00:00:00+05:30,4609.95,4635.3,4600.0,4625.65,315182.0,2661.0,100.0
2023-02-07 00:00:00+05:30,4639.0,4664.0,4596.7,4606.85,327040.0,3621.0,99.72
2023-02-08 00:00:00+05:30,4604.95,4640.25,4578.0,4594.8,252710.0,3979.0,88.5
2023-02-09 00:00:00+05:30,4594.85,4656.1,4575.15,4637.35,284415.0,6507.0,99.8
2023-02-10 00:00:00+05:30,4660.0,4669.2,4597.05,4622.7,207919.0,19579.0,99.93
2023-02-13 00:00:00+05:30,4600.0,4636.0,4579.0,4591.0,185536.0,1301.0,58.45
2023-02-14 00:00:00+05:30,4590.3,4624.0,4581.0,4599.0,245495.0,1641.0,100.0
2023-02-15 00:00:00+05:30,4599.85,4599.85,4530.2,4588.45,197822.0,2199.0,58.48
2023-02-16 00:00:00+05:30,4597.0,4617.9,4567.0,4572.0,160313.0,2948.0,96.47
2023-02-17 00:00:00+05:30,4570.0,4588.0,4514.8,4533.25,203456.0,5129.0,99.98
2023-02-20 00:00:00+05:30,4535.25,4545.0,4444.0,4453.8,308681.0,4057.0,100.0
2023-02-21 00:00:00+05:30,4454.95,4527.85,4450.6,4503.35,229380.0,1293.0,100.0
2023-02-22 00:00:00+05:30,4505.0,4540.9,4477.7,4484.5,262918.0,5821.0,99.47
2023-02-23 00:00:00+05:30,4490.0,4496.0,4424.8,4440.0,210031.0,5149.0,99.88
2023-02-24 00:00:00+05:30,4460.0,4495.55,4419.65,4442.55,234456.0,4518.0,99.98
2023-02-27 00:00:00+05:30,4428.55,4470.0,4375.0,4388.25,162723.0,1021.0,100.0
2023-02-28 00:00:00+05:30,4390.0,4475.25,4380.0,4461.75,349283.0,2023.0,93.31
2023-03-01 00:00:00+05:30,4439.0,4454.55,4355.15,4379.8,331092.0,2031.0,88.23
2023-03-02 00:00:00+05:30,4390.0,4405.0,4343.05,4394.2,147032.0,2368.0,96.26
2023-03-03 00:00:00+05:30,4400.0,4444.75,4380.4,4411.95,212204.0,16694.0,99.99
2023-03-06 00:00:00+05:30,4389.0,4389.0,4279.9,4323.0,681400.0,4838.0,99.98
2023-03-08 00:00:00+05:30,4319.85,4370.0,4305.75,4339.65,228626.0,1697.0,84.26
2023-03-09 00:00:00+05:30,4339.65,4350.0,4275.2,4291.7,242653.0,230264.0,93.95
2023-03-10 00:00:00+05:30,4307.4,4361.75,4282.75,4311.0,367075.0,2219.0,100.0
2023-03-13 00:00:00+05:30,4309.0,4346.05,4290.0,4307.6,282669.0,20687.0,100.0
2023-03-14 00:00:00+05:30,4315.0,4343.9,4277.0,4292.95,197983.0,6235.0,97.83
2023-03-15 00:00:00+05:30,4315.0,4323.65,4237.6,4243.1,195193.0,5502.0,99.51
2023-03-16 00:00:00+05:30,4263.95,4320.0,4250.0,4311.2,260044.0,3132.0,100.0
2023-03-17 00:00:00+05:30,4325.95,4370.0,4305.6,4362.55,294943.0,1220.0,100.0
2023-03-20 00:00:00+05:30,4364.6,4366.6,4262.5,4331.85,176551.0,1500.0,100.0
2023-03-21 00:00:00+05:30,4355.0,4386.0,4260.0,4264.7,231873.0,2028.0,91.56
2023-03-22 00:00:00+05:30,4279.0,4279.0,4230.0,4244.45,146015.0,7408.0,99.91
2023-03-23 00:00:00+05:30,4250.0,4255.5,4196.75,4242.7,197372.0,348162.0,95.32
2023-03-24 00:00:00+05:30,4242.0,4242.0,4189.85,4199.95,198387.0,6290.0,99.94
2023-03-27 00:00:00+05:30,4224.05,4245.3,4198.8,4214.8,283787.0,8651.0,99.95
2023-03-28 00:00:00+05:30,4229.5,4229.5,4153.0,4200.0,224554.0,34576.0,99.57
2023-03-29 00:00:00+05:30,4205.0,4297.95,4198.95,4276.2,316327.0,266305.0,99.81
2023-03-31 00:00:00+05:30,4277.45,4333.8,4257.05,4321.5,244993.0,5243.0,90.55
2023-04-03 00:00:00+05:30,4344.0,4346.0,4282.35,4324.05,365322.0,10760.0,93.06
2023-04-05 00:00:00+05:30,4334.0,4358.9,4295.0,4327.55,390845.0,34359.0,97.82
2023-04-06 00:00:00+05:30,4327.8,4327.8,4288.3,4299.8,208688.0,4948.0,99.68
2023-04-10 00:00:00+05:30,4299.8,4299.8,4243.0,4266.4,253651.0,10230.0,94.42
2023-04-11 00:00:00+05:30,4266.4,4305.3,4258.25,4277.35,248347.0,13994.0,99.57
2023-04-12 00:00:00+05:30,4277.35,4298.8,4263.0,4271.3,325279.0,1048.0,73.08
2023-04-13 00:00:00+05:30,4239.0,4350.0,4222.55,4264.2,454409.0,3644.0,99.89
2023-04-17 00:00:00+05:30,4278.0,4405.0,4259.7,4348.75,631434.0,4926.0,96.91
2023-04-18 00:00:00+05:30,4350.95,4374.9,4290.0,4301.85,190118.0,8791.0,81.45
2023-04-19 00:00:00+05:30,4326.0,4326.0,4270.45,4293.85,347248.0,8898.0,99.99
2023-04-20 00:00:00+05:30,4295.0,4318.5,4246.3,4256.4,164001.0,488862.0,99.65
2023-04-21 00:00:00+05:30,4259.0,4335.0,4248.3,4327.8,273401.0,1171.0,77.65
2023-04-24 00:00:00+05:30,4327.8,4339.45,4297.0,4311.0,182843.0,1624.0,100.0
2023-04-25 00:00:00+05:30,4313.0,4411.0,4311.0,4402.55,353719.0,2528.0,100.0
2023-04-26 00:00:00+05:30,4400.0,4422.85,4370.8,4405.0,306037.0,2225.0,97.76
2023-04-27 00:00:00+05:30,4407.0,4429.35,4397.0,4415.85,179769.0,3960.0,85.11
2023-04-28 00:00:00+05:30,4415.95,4564.85,4408.65,4553.55,482939.0,3190.0,86.01
2023-05-02 00:00:00+05:30,4565.25,4605.75,4500.0,4511.05,261449.0,3678.0,88.52
2023-05-03 00:00:00+05:30,4490.0,4548.0,4443.35,4527.1,525015.0,1891.0,90.09
2023-05-04 00:00:00+05:30,4527.05,4596.0,4510.0,4587.05,244670.0,2437.0,99.88
2023-05-05 00:00:00+05:30,4594.65,4636.95,4584.4,4626.0,332347.0,4979.0,83.26
2023-05-08 00:00:00+05:30,4640.0,4700.0,4573.55,4598.4,831450.0,5007.0,91.87
2023-05-09 00:00:00+05:30,4624.0,4633.25,4582.55,4595.15,367650.0,3263.0,86.0
2023-05-10 00:00:00+05:30,4629.7,4667.8,4586.5,4604.95,368807.0,4316.0,100.0
2023-05-11 00:00:00+05:30,4610.2,4652.0,4605.0,4635.15,282060.0,31552.0,98.86
2023-05-12 00:00:00+05:30,4634.0,4675.0,4601.85,4616.5,311033.0,5689.0,93.97
2023-05-15 00:00:00+05:30,4647.85,4679.0,4621.45,4630.85,276965.0,2800.0,99.15
2023-05-16 00:00:00+05:30,4632.0,4660.2,4565.0,4606.9,263119.0,3692.0,99.06
2023-05-17 00:00:00+05:30,4610.0,4639.2,4583.65,4631.9,268353.0,50203.0,98.15
2023-05-18 00:00:00+05:30,4650.0,4655.5,4558.0,4564.35,155214.0,3854.0,98.62
2023-05-19 00:00:00+05:30,4588.0,4593.1,4484.15,4499.85,367664.0,7287.0,73.93
2023-05-22 00:00:00+05:30,4500.0,4540.25,4485.0,4498.95,172174.0,15495.0,99.86
2023-05-23 00:00:00+05:30,4487.0,4581.55,4486.0,4521.65,297514.0,4266.0,100.0
2023-05-24 00:00:00+05:30,4538.2,4569.9,4501.35,4519.8,302733.0,5976.0,98.92
2023-05-25 00:00:00+05:30,4580.0,4705.45,4533.25,4563.3,861989.0,45875.0,91.31
2023-05-26 00:00:00+05:30,4582.0,4624.2,4563.15,4596.2,231911.0,13670.0,98.49
2023-05-29 00:00:00+05:30,4611.45,4625.1,4566.0,4575.25,194968.0,15376.0,87.12
2023-05-30 00:00:00+05:30,4583.0,4623.5,4563.0,4573.25,199772.0,3768.0,99.37
2023-05-31 00:00:00+05:30,4571.0,4683.3,4565.25,4657.05,1536463.0,6350.0,56.15
2023-06-01 00:00:00+05:30,4655.0,4655.0,4587.55,4635.25,188427.0,39781.0,97.25
2023-06-02 00:00:00+05:30,4637.0,4718.7,4635.35,4654.15,359550.0,7485.0,99.47
2023-06-05 00:00:00+05:30,4659.9,4712.5,4657.05,4682.6,349558.0,3730.0,77.68
2023-06-06 00:00:00+05:30,4682.6,4717.7,4673.05,4705.4,185910.0,1961.0,99.34
2023-06-07 00:00:00+05:30,4715.0,4907.95,4715.0,4893.15,1390193.0,7921.0,97.11
2023-06-08 00:00:00+05:30,4901.9,4914.75,4856.5,4875.05,381452.0,2719.0,90.69
2023-06-09 00:00:00+05:30,4886.3,4980.0,4836.1,4878.75,820375.0,4837.0,96.16
2023-06-12 00:00:00+05:30,4899.0,4910.0,4865.0,4900.25,233763.0,4008.0,96.18
2023-06-13 00:00:00+05:30,4904.95,4951.65,4892.3,4940.1,326814.0,2346.0,94.07
2023-06-14 00:00:00+05:30,4947.0,4977.0,4922.0,4941.65,234174.0,2434.0,93.94
2023-06-15 00:00:00+05:30,4950.0,5019.9,4914.3,4975.45,452909.0,6506.0,98.46
2023-06-16 00:00:00+05:30,4975.45,5058.6,4970.0,5040.0,406450.0,16766.0,97.67
2023-06-19 00:00:00+05:30,5050.0,5064.4,5012.2,5014.7,196526.0,1896.0,88.06
2023-06-20 00:00:00+05:30,5021.05,5062.5,5010.55,5062.35,250993.0,1968.0,96.42
2023-06-21 00:00:00+05:30,5070.6,5085.25,5055.05,5077.0,271776.0,2024.0,95.79
2023-06-22 00:00:00+05:30,5065.0,5071.9,4975.0,4989.0,144824.0,4561.0,94.78
2023-06-23 00:00:00+05:30,4972.05,4986.95,4945.3,4979.8,191247.0,2893.0,98.27
2023-06-26 00:00:00+05:30,4978.95,5022.0,4952.45,5008.3,178665.0,8517.0,98.91
2023-06-27 00:00:00+05:30,5000.55,5036.25,4949.15,4956.1,174848.0,2194.0,94.37
2023-06-28 00:00:00+05:30,4989.0,5019.95,4961.35,5007.1,252875.0,6835.0,94.86
2023-06-30 00:00:00+05:30,4990.2,5032.35,4955.05,5025.0,195099.0,3183.0,92.77
2023-07-03 00:00:00+05:30,5035.0,5048.6,4990.1,5008.2,138731.0,3736.0,99.95
2023-07-04 00:00:00+05:30,5008.3,5024.9,4972.55,5001.0,120196.0,16400.0,85.16
2023-07-05 00:00:00+05:30,5024.8,5115.4,4970.15,5100.1,186130.0,18424.0,82.09
2023-07-06 00:00:00+05:30,5199.0,5269.0,5131.95,5170.0,959139.0,3652.0,100.0
2023-07-07 00:00:00+05:30,5173.55,5188.75,5042.9,5070.0,224260.0,4178.0,90.98
2023-07-10 00:00:00+05:30,5073.0,5092.65,4993.95,5049.75,307872.0,2829.0,99.75
2023-07-11 00:00:00+05:30,5050.0,5156.2,5050.0,5095.0,385215.0,4957.0,99.58
2023-07-12 00:00:00+05:30,5083.9,5114.85,5042.35,5080.35,180334.0,4641.0,99.25
2023-07-13 00:00:00+05:30,5089.9,5147.35,5071.45,5089.0,231735.0,3122.0,99.84
2023-07-14 00:00:00+05:30,5118.0,5150.0,5087.2,5124.95,219717.0,3214.0,95.71
2023-07-17 00:00:00+05:30,5149.95,5198.1,5121.1,5137.15,271548.0,3357.0,80.7
2023-07-18 00:00:00+05:30,5150.0,5159.35,5052.95,5071.0,189157.0,3660.0,99.84
2023-07-19 00:00:00+05:30,5081.95,5144.0,5054.5,5057.5,353040.0,2244.0,85.16
2023-07-20 00:00:00+05:30,5070.0,5094.0,5016.2,5045.0,326293.0,1450.0,99.38
2023-07-21 00:00:00+05:30,5061.55,5106.9,5000.0,5027.85,436454.0,4765.0,94.28
2023-07-24 00:00:00+05:30,5047.0,5048.0,4944.8,4972.95,224402.0,3623.0,86.36
2023-07-25 00:00:00+05:30,5007.0,5007.0,4875.0,4896.0,395808.0,1345.0,99.34
2023-07-26 00:00:00+05:30,4900.0,4994.85,4880.35,4980.0,230977.0,3216.0,89.14
2023-07-27 00:00:00+05:30,4965.0,5016.0,4766.45,4878.0,557305.0,3011.0,100.0
2023-07-28 00:00:00+05:30,4904.0,4959.4,4851.0,4905.0,357029.0,2823.0,80.61
2023-07-31 00:00:00+05:30,4905.1,4905.1,4765.25,4810.0,799090.0,9985.0,75.43
2023-08-01 00:00:00+05:30,4825.1,4843.5,4750.1,4805.0,412355.0,2085.0,98.86
2023-08-02 00:00:00+05:30,4839.0,4839.0,4770.0,4797.95,394041.0,1897.0,98.19
2023-08-03 00:00:00+05:30,4809.95,4818.6,4770.0,4801.0,238630.0,3810.0,75.1
2023-08-04 00:00:00+05:30,4790.0,4832.0,4766.65,4802.55,400700.0,4189.0,99.6
2023-08-07 00:00:00+05:30,4751.0,4813.85,4618.2,4670.0,1071353.0,3644.0,99.7
2023-08-08 00:00:00+05:30,4632.75,4677.25,4596.05,4608.0,529641.0,2501.0,100.0
2023-08-09 00:00:00+05:30,4619.9,4632.7,4575.0,4602.95,911716.0,2201.0,96.11
2023-08-10 00:00:00+05:30,4601.0,4609.95,4531.3,4541.25,585803.0,5183.0,92.26
2023-08-11 00:00:00+05:30,4540.0,4542.85,4489.75,4512.8,1111390.0,2658.0,100.0
2023-08-14 00:00:00+05:30,4519.7,4525.0,4455.0,4498.05,556659.0,6534.0,94.04
2023-08-16 00:00:00+05:30,4488.6,4512.55,4422.0,4508.85,517621.0,6362.0,85.45
2023-08-17 00:00:00+05:30,4498.5,4524.5,4472.55,4510.0,392430.0,1455.0,81.01
2023-08-18 00:00:00+05:30,4499.0,4553.9,4461.2,4535.0,422702.0,4252.0,97.23
2023-08-21 00:00:00+05:30,4555.95,4559.6,4498.5,4498.5,243249.0,1007.0,99.9
2023-08-22 00:00:00+05:30,4524.8,4524.8,4490.0,4510.9,216352.0,4527.0,100.0
2023-08-23 00:00:00+05:30,4555.0,4555.0,4485.0,4508.6,342055.0,1666.0,96.47
2023-08-24 00:00:00+05:30,4538.3,4559.5,4515.45,4555.0,356471.0,3481.0,98.31
2023-08-25 00:00:00+05:30,4544.6,4559.0,4506.2,4527.0,332675.0,36365.0,100.0
2023-08-28 00:00:00+05:30,4525.0,4525.0,4485.6,4518.8,343124.0,2788.0,99.93
2023-08-29 00:00:00+05:30,4510.95,4539.95,4486.15,4539.95,339401.0,3621.0,72.49
2023-08-30 00:00:00+05:30,4552.95,4555.95,4511.7,4555.0,367007.0,3303.0,99.37
2023-08-31 00:00:00+05:30,4564.9,4567.5,4442.0,4462.9,871297.0,948.0,70.12
2023-09-01 00:00:00+05:30,4475.0,4491.95,4426.0,4484.35,383124.0,6162.0,96.87
2023-09-04 00:00:00+05:30,4484.35,4511.0,4449.75,4507.2,394391.0,5404.0,69.19
2023-09-05 00:00:00+05:30,4507.2,4539.0,4485.0,4514.95,453349.0,5398.0,97.97
2023-09-06 00:00:00+05:30,4520.0,4590.0,4503.05,4569.15,300673.0,1979.0,95.05
2023-09-07 00:00:00+05:30,4590.0,4590.4,4521.0,4530.7,479124.0,9124.0,98.53
2023-09-08 00:00:00+05:30,4540.7,4548.6,4513.8,4540.5,278293.0,2778.0,80.9
2023-09-11 00:00:00+05:30,4540.9,4574.0,4540.0,4568.55,302448.0,7771.0,98.13
2023-09-12 00:00:00+05:30,4568.55,4574.4,4508.9,4567.15,321129.0,3830.0,92.65
2023-09-13 00:00:00+05:30,4567.15,4630.45,4549.1,4608.25,435792.0,5006.0,84.73
2023-09-14 00:00:00+05:30,4619.0,4631.95,4552.65,4574.35,473085.0,8148.0,97.96
2023-09-15 00:00:00+05:30,4583.0,4589.25,4518.6,4532.85,408326.0,2534.0,95.95
2023-09-18 00:00:00+05:30,4540.0,4603.0,4520.0,4596.2,304844.0,3299.0,94.8
2023-09-20 00:00:00+05:30,4596.2,4597.0,4507.7,4527.4,357295.0,2154.0,99.68
2023-09-21 00:00:00+05:30,4520.0,4565.7,4478.0,4558.55,367638.0,2570.0,98.28
2023-09-22 00:00:00+05:30,4558.55,4572.0,4510.0,4568.2,210753.0,3746.0,97.3
2023-09-25 00:00:00+05:30,4574.05,4585.0,4510.55,4570.05,498354.0,2869.0,87.58
2023-09-26 00:00:00+05:30,4570.25,4609.0,4549.45,4600.15,330231.0,3112.0,100.0
2023-09-27 00:00:00+05:30,4601.2,4634.05,4569.0,4627.35,358156.0,6483.0,98.48
2023-09-28 00:00:00+05:30,4627.35,4634.3,4505.05,4524.55,390490.0,1342.0,95.93
2023-09-29 00:00:00+05:30,4555.0,4560.45,4501.55,4537.15,230125.0,8933.0,97.81
2023-10-03 00:00:00+05:30,4524.8,4553.25,4486.6,4495.45,543482.0,6874.0,98.33
2023-10-04 00:00:00+05:30,4490.0,4540.0,4466.75,4532.5,318564.0,5704.0,97.07
2023-10-05 00:00:00+05:30,4540.25,4548.2,4500.0,4533.9,302015.0,4843.0,86.93
2023-10-06 00:00:00+05:30,4533.85,4549.45,4515.0,4538.45,238131.0,4092.0,94.42
2023-10-09 00:00:00+05:30,4511.0,4535.0,4493.5,4522.5,255764.0,6319.0,94.02
2023-10-10 00:00:00+05:30,4522.2,4541.95,4503.0,4529.95,222750.0,5897.0,96.8
2023-10-11 00:00:00+05:30,4522.0,4568.95,4520.65,4559.5,368192.0,5564.0,91.41
2023-10-12 00:00:00+05:30,4582.0,4591.6,4531.0,4560.75,518582.0,4073.0,99.8
2023-10-13 00:00:00+05:30,4550.0,4582.0,4515.0,4574.7,445822.0,34465.0,98.98
2023-10-16 00:00:00+05:30,4559.95,4591.45,4555.0,4580.0,292118.0,30741.0,91.08
2023-10-17 00:00:00+05:30,4586.2,4609.9,4562.2,4600.35,196669.0,4766.0,92.01
2023-10-18 00:00:00+05:30,4605.0,4623.0,4586.25,4607.7,217179.0,2568.0,99.92
2023-10-19 00:00:00+05:30,4600.05,4616.0,4561.7,4602.45,228881.0,1476.0,61.86
2023-10-20 00:00:00+05:30,4603.0,4608.0,4558.75,4580.0,351045.0,2321.0,83.19
2023-10-23 00:00:00+05:30,4572.7,4600.0,4516.35,4530.6,203004.0,2021.0,99.95
2023-10-25 00:00:00+05:30,4470.0,4585.6,4470.0,4533.75,330082.0,3247.0,99.78
2023-10-26 00:00:00+05:30,4517.6,4524.8,4476.75,4507.8,488909.0,2866.0,98.86
2023-10-27 00:00:00+05:30,4512.0,4544.0,4491.0,4514.3,382794.0,3827.0,94.61
2023-10-30 00:00:00+05:30,4500.0,4508.7,4441.0,4461.6,450526.0,2643.0,92.93
2023-10-31 00:00:00+05:30,4460.1,4479.75,4401.9,4426.5,504625.0,2029.0,100.0
2023-11-01 00:00:00+05:30,4442.6,4456.0,4347.7,4397.3,395359.0,3566.0,100.0
2023-11-02 00:00:00+05:30,4512.1,4568.8,4454.25,4527.25,822845.0,2632.0,98.14
2023-11-03 00:00:00+05:30,4528.0,4582.4,4524.15,4539.55,335012.0,13066.0,96.81
2023-11-06 00:00:00+05:30,4554.9,4628.15,4546.05,4612.85,205763.0,2653.0,92.15
2023-11-07 00:00:00+05:30,4610.1,4670.0,4590.85,4655.2,282612.0,2486.0,98.42
2023-11-08 00:00:00+05:30,4670.95,4686.5,4650.5,4670.6,385727.0,1467.0,98.13
2023-11-09 00:00:00+05:30,4670.6,4685.5,4630.5,4652.1,208210.0,2540.0,79.3
2023-11-10 00:00:00+05:30,4657.45,4685.85,4621.0,4681.95,142336.0,2821.0,100.0
2023-11-12 00:00:00+05:30,4694.65,4699.0,4660.05,4676.6,23883.0,522.0,97.21
2023-11-13 00:00:00+05:30,4662.3,4703.15,4644.0,4696.35,260394.0,8515.0,98.95
2023-11-15 00:00:00+05:30,4723.0,4725.0,4667.4,4710.8,269650.0,2896.0,89.27
2023-11-16 00:00:00+05:30,4710.0,4729.0,4679.6,4702.1,178375.0,3926.0,94.17
2023-11-17 00:00:00+05:30,4703.0,4745.6,4690.1,4718.3,138652.0,2481.0,90.85
2023-11-20 00:00:00+05:30,4691.25,4739.45,4690.9,4712.0,126069.0,2438.0,98.66
2023-11-21 00:00:00+05:30,4730.0,4730.0,4665.0,4699.75,129602.0,1884.0,92.44
2023-11-22 00:00:00+05:30,4709.9,4712.85,4662.75,4694.2,72533.0,2711.0,91.28
2023-11-23 00:00:00+05:30,4699.0,4710.95,4678.95,4705.8,109775.0,7835.0,85.14
2023-11-24 00:00:00+05:30,4705.8,4715.0,4640.5,4644.15,123628.0,2237.0,98.16
2023-11-28 00:00:00+05:30,4632.25,4722.9,4626.0,4717.0,182790.0,1586.0,78.36
2023-11-29 00:00:00+05:30,4715.95,4832.1,4701.4,4803.65,363702.0,3224.0,86.25
2023-11-30 00:00:00+05:30,4815.0,4875.95,4797.5,4852.65,961054.0,1814.0,68.17
2023-12-01 00:00:00+05:30,4873.0,4984.0,4860.05,4970.75,485597.0,1342.0,94.98
2023-12-04 00:00:00+05:30,4990.0,4994.95,4915.0,4937.75,310152.0,2622.0,85.21
2023-12-05 00:00:00+05:30,4937.75,4975.0,4933.0,4948.4,280497.0,2829.0,88.63
2023-12-06 00:00:00+05:30,4953.0,5022.7,4952.3,5003.15,295686.0,3057.0,93.46
2023-12-07 00:00:00+05:30,5003.15,5025.0,4963.15,5016.0,268095.0,1318.0,81.31
2023-12-08 00:00:00+05:30,5024.0,5060.0,4931.0,4942.2,282713.0,9984.0,93.15
2023-12-11 00:00:00+05:30,4959.9,4974.5,4900.05,4944.15,147976.0,2971.0,73.83
2023-12-12 00:00:00+05:30,4968.0,4971.45,4875.0,4903.05,184238.0,3227.0,94.83
2023-12-13 00:00:00+05:30,4910.0,4928.0,4860.0,4919.3,153558.0,11378.0,96.73
2023-12-14 00:00:00+05:30,4932.2,4965.0,4897.0,4946.65,174503.0,2535.0,87.14
2023-12-15 00:00:00+05:30,4938.0,4969.85,4880.5,4913.9,216579.0,3350.0,98.53
2023-12-18 00:00:00+05:30,4913.85,4925.5,4837.05,4879.5,223278.0,12841.0,95.94
2023-12-19 00:00:00+05:30,4891.35,4927.45,4858.7,4911.25,200718.0,11382.0,91.92
2023-12-20 00:00:00+05:30,4920.0,5051.95,4916.0,4954.95,457942.0,7696.0,97.79
2023-12-21 00:00:00+05:30,4930.0,5113.3,4877.55,5059.6,796081.0,3289.0,94.19
2023-12-22 00:00:00+05:30,5075.0,5183.7,5050.05,5161.1,582688.0,1093.0,91.54
2023-12-26 00:00:00+05:30,5155.0,5244.5,5146.0,5235.95,574310.0,3146.0,92.5
2023-12-27 00:00:00+05:30,5242.0,5245.0,5160.0,5216.8,241944.0,5248.0,99.89
2023-12-28 00:00:00+05:30,5224.95,5338.65,5186.75,5282.0,655367.0,2867.0,86.38
2023-12-29 00:00:00+05:30,5260.55,5386.05,5238.65,5338.45,535691.0,8619.0,95.91
2024-01-01 00:00:00+05:30,5339.0,5349.9,5290.0,5319.8,130032.0,1962.0,77.37
2024-01-02 00:00:00+05:30,5319.8,5334.95,5224.1,5288.85,193517.0,3863.0,70.7
2024-01-03 00:00:00+05:30,5288.85,5333.9,5240.0,5244.35,123303.0,3539.0,90.77
2024-01-04 00:00:00+05:30,5253.8,5375.0,5221.0,5361.3,413391.0,4179.0,93.03
2024-01-05 00:00:00+05:30,5361.3,5363.35,5256.0,5272.35,299017.0,4656.0,50.41
2024-01-08 00:00:00+05:30,5305.0,5305.0,5171.05,5177.35,236628.0,5092.0,92.94
2024-01-09 00:00:00+05:30,5199.0,5210.2,5111.0,5122.4,194434.0,2829.0,76.5
2024-01-10 00:00:00+05:30,5111.0,5143.65,5051.5,5086.65,191450.0,2076.0,100.0
2024-01-11 00:00:00+05:30,5102.9,5186.4,5076.55,5136.7,277823.0,10083.0,91.63
2024-01-12 00:00:00+05:30,5149.0,5250.4,5100.05,5151.1,462298.0,20142.0,99.95
2024-01-15 00:00:00+05:30,5159.95,5228.0,5119.0,5177.35,400069.0,19636.0,99.49
2024-01-16 00:00:00+05:30,5168.4,5218.0,5107.25,5130.6,203028.0,5914.0,98.34
2024-01-17 00:00:00+05:30,5115.05,5135.25,5055.0,5061.7,270672.0,3212.0,100.0
2024-01-18 00:00:00+05:30,5061.0,5077.95,4974.2,5015.15,514119.0,9691.0,99.99
2024-01-19 00:00:00+05:30,5029.0,5169.65,5012.3,5138.65,329252.0,5305.0,84.68
2024-01-20 00:00:00+05:30,5164.0,5245.35,5145.35,5166.4,221679.0,2137.0,65.23
2024-01-23 00:00:00+05:30,5166.4,5189.85,4925.9,5048.1,491135.0,5214.0,93.86
2024-01-24 00:00:00+05:30,5048.1,5173.65,5030.0,5142.25,611741.0,5415.0,95.89
2024-01-25 00:00:00+05:30,5150.0,5236.55,5106.1,5141.9,342129.0,1351.0,62.09
2024-01-29 00:00:00+05:30,5142.0,5219.5,5111.2,5136.9,275710.0,3253.0,92.6
2024-01-30 00:00:00+05:30,5163.3,5192.9,5081.0,5097.15,146422.0,5344.0,99.91
2024-01-31 00:00:00+05:30,5091.75,5220.0,5031.75,5198.4,549238.0,3168.0,98.66
2024-02-01 00:00:00+05:30,5196.05,5201.95,5127.1,5148.6,344394.0,1186.0,99.75
2024-02-02 00:00:00+05:30,5166.75,5209.0,5131.45,5148.85,176167.0,4755.0,99.31
2024-02-05 00:00:00+05:30,5169.9,5239.75,5078.5,5124.5,231620.0,3589.0,100.0
2024-02-06 00:00:00+05:30,5124.5,5125.0,4992.55,5007.05,336609.0,3591.0,100.0
2024-02-07 00:00:00+05:30,5140.0,5183.9,4925.0,5078.25,1258830.0,3939.0,100.0
2024-02-08 00:00:00+05:30,5101.0,5122.4,4833.15,4875.55,623680.0,2611.0,99.96
2024-02-09 00:00:00+05:30,4875.55,4978.05,4860.05,4971.5,411953.0,7398.0,90.73
2024-02-12 00:00:00+05:30,4971.5,4997.95,4940.75,4970.2,158487.0,7061.0,77.76
2024-02-13 00:00:00+05:30,4970.2,5053.4,4940.2,4981.6,262011.0,4041.0,99.34
2024-02-14 00:00:00+05:30,4967.55,5025.0,4950.0,5010.65,277479.0,1118.0,100.0
2024-02-15 00:00:00+05:30,5010.95,5043.35,4932.85,4950.55,189625.0,4861.0,100.0
2024-02-16 00:00:00+05:30,4954.0,4970.55,4894.75,4913.7,352139.0,9324.0,84.73
2024-02-19 00:00:00+05:30,4919.95,4948.55,4886.65,4925.25,182521.0,8602.0,100.0
2024-02-20 00:00:00+05:30,4910.15,4934.0,4879.1,4921.15,129279.0,3374.0,100.0
2024-02-21 00:00:00+05:30,4934.75,4988.3,4888.0,4923.0,235932.0,7658.0,100.0
2024-02-22 00:00:00+05:30,4924.95,4968.0,4860.0,4956.95,255308.0,7785.0,100.0
2024-02-23 00:00:00+05:30,4956.95,4970.4,4912.1,4936.35,115910.0,4489.0,98.57
2024-02-26 00:00:00+05:30,4949.95,4957.0,4891.6,4901.9,78084.0,1280.0,97.49
2024-02-27 00:00:00+05:30,4879.0,4939.55,4879.0,4904.35,434014.0,2212.0,99.73
2024-02-28 00:00:00+05:30,4894.35,4916.1,4867.2,4887.8,96877.0,2224.0,99.96
2024-02-29 00:00:00+05:30,4885.05,4980.9,4828.85,4965.2,447941.0,1196.0,100.0
2024-03-01 00:00:00+05:30,4965.2,4986.7,4914.15,4927.7,316277.0,7807.0,100.0
2024-03-02 00:00:00+05:30,4927.75,4998.95,4902.35,4922.55,5987.0,640.0,100.0
2024-03-04 00:00:00+05:30,4906.0,4942.45,4833.5,4838.9,307520.0,3933.0,99.62
2024-03-05 00:00:00+05:30,4839.05,4867.45,4811.0,4825.65,156956.0,4151.0,100.0
2024-03-06 00:00:00+05:30,4839.0,4887.8,4788.75,4880.75,190965.0,2938.0,61.52
2024-03-07 00:00:00+05:30,4870.0,4902.0,4835.1,4889.15,216747.0,2767.0,99.1
2024-03-11 00:00:00+05:30,4894.05,4957.65,4871.1,4937.4,295000.0,1622.0,100.0
2024-03-12 00:00:00+05:30,4935.7,4940.0,4852.8,4869.15,140625.0,2129.0,100.0
2024-03-13 00:00:00+05:30,4892.6,4975.0,4822.0,4856.65,410729.0,6396.0,99.84
2024-03-14 00:00:00+05:30,4853.25,4952.95,4783.0,4938.9,240217.0,5282.0,100.0
2024-03-15 00:00:00+05:30,4917.45,5008.7,4912.0,4974.2,491571.0,1449.0,100.0
2024-03-18 00:00:00+05:30,4980.0,5014.0,4960.0,4980.0,143928.0,7661.0,100.0
2024-03-19 00:00:00+05:30,4999.0,4999.95,4800.0,4816.95,265081.0,3686.0,100.0
2024-03-20 00:00:00+05:30,4822.1,4832.85,4760.0,4802.9,300159.0,1787.0,100.0
2024-03-21 00:00:00+05:30,4812.5,4824.0,4767.8,4806.7,449591.0,5331.0,99.24
2024-03-22 00:00:00+05:30,4800.0,4892.95,4784.9,4865.0,264787.0,1670.0,99.52
2024-03-26 00:00:00+05:30,4748.4,4975.0,4740.7,4961.45,554559.0,4689.0,100.0
2024-03-27 00:00:00+05:30,4960.0,4980.0,4880.0,4920.2,327107.0,4290.0,81.31
2024-03-28 00:00:00+05:30,4942.3,4971.2,4864.6,4911.25,648795.0,2352.0,99.62
2024-04-01 00:00:00+05:30,4929.95,4960.7,4883.75,4895.2,181877.0,2545.0,97.58
2024-04-02 00:00:00+05:30,4910.0,4914.9,4870.0,4899.95,93480.0,3514.0,96.56
2024-04-03 00:00:00+05:30,4870.0,4896.95,4806.0,4834.6,246246.0,5028.0,100.0
2024-04-04 00:00:00+05:30,4839.95,4855.0,4780.6,4813.6,372526.0,1358.0,98.76
2024-04-05 00:00:00+05:30,4813.6,4847.6,4791.6,4813.05,189143.0,2859.0,91.66
2024-04-08 00:00:00+05:30,4825.05,4841.0,4781.0,4826.8,235219.0,2453.0,89.17
2024-04-09 00:00:00+05:30,4850.0,4850.0,4783.4,4794.7,180114.0,1176.0,83.05
2024-04-10 00:00:00+05:30,4818.5,4818.55,4747.55,4808.7,509880.0,3530.0,80.47
2024-04-12 00:00:00+05:30,4818.0,4820.85,4745.0,4751.75,620568.0,6594.0,100.0
2024-04-15 00:00:00+05:30,4745.0,4777.1,4692.85,4761.9,421873.0,1583.0,100.0
2024-04-16 00:00:00+05:30,4748.0,4772.5,4691.3,4740.7,516581.0,1989.0,100.0
2024-04-18 00:00:00+05:30,4745.0,4758.7,4666.6,4695.0,670722.0,3028.0,81.16
2024-04-19 00:00:00+05:30,4682.05,4698.0,4641.0,4668.3,424834.0,3295.0,96.01
2024-04-22 00:00:00+05:30,4673.9,4763.9,4662.3,4753.3,321925.0,2729.0,93.17
2024-04-23 00:00:00+05:30,4756.0,4812.0,4723.05,4797.8,279440.0,5821.0,98.41
2024-04-24 00:00:00+05:30,4797.0,4840.0,4781.0,4828.95,412282.0,1782.0,96.43
2024-04-25 00:00:00+05:30,4816.15,4859.0,4747.5,4844.15,509266.0,3103.0,99.46
2024-04-26 00:00:00+05:30,4844.05,4861.0,4793.0,4800.45,205462.0,3602.0,100.0
2024-04-29 00:00:00+05:30,4815.0,4825.6,4776.0,4799.85,147362.0,1775.0,100.0
2024-04-30 00:00:00+05:30,4799.0,4825.0,4765.1,4775.95,489132.0,5375.0,81.56
2024-05-02 00:00:00+05:30,4789.95,4812.0,4750.05,4759.65,356664.0,4590.0,94.82
2024-05-03 00:00:00+05:30,4781.1,4781.1,4707.9,4744.6,262493.0,2305.0,98.97
2024-05-06 00:00:00+05:30,4818.95,5205.45,4802.2,5061.6,2837757.0,860828.0,30.33
2024-05-07 00:00:00+05:30,5057.95,5219.9,5048.8,5173.85,1156073.0,338802.0,29.31
2024-05-08 00:00:00+05:30,5151.0,5248.45,5123.85,5228.4,323414.0,104625.0,32.35
2024-05-09 00:00:00+05:30,5228.05,5248.0,5045.0,5070.1,379667.0,164619.0,43.36
2024-05-10 00:00:00+05:30,5070.1,5118.2,4971.75,5066.8,223289.0,50365.0,22.56
2024-05-13 00:00:00+05:30,5074.95,5170.0,5055.0,5130.55,323879.0,113575.0,35.07
2024-05-14 00:00:00+05:30,5130.55,5161.5,5035.0,5140.8,205585.0,85353.0,41.52
2024-05-15 00:00:00+05:30,5149.55,5164.75,5053.45,5064.0,166198.0,58956.0,35.47
2024-05-16 00:00:00+05:30,5064.15,5150.0,5017.5,5137.75,312988.0,95818.0,30.61
2024-05-17 00:00:00+05:30,5139.9,5139.9,5065.0,5086.8,116594.0,49591.0,42.53
2024-05-18 00:00:00+05:30,5090.15,5114.75,5040.1,5096.05,12234.0,2534.0,20.7
2024-05-21 00:00:00+05:30,5046.0,5191.0,5045.05,5178.1,376474.0,231092.0,61.38
2024-05-22 00:00:00+05:30,5219.8,5302.5,5195.0,5267.4,748236.0,308517.0,41.23
2024-05-23 00:00:00+05:30,5261.15,5293.75,5187.9,5281.15,423256.0,159330.0,37.64
2024-05-24 00:00:00+05:30,5260.1,5285.15,5219.0,5240.7,268208.0,164763.0,61.43
2024-05-27 00:00:00+05:30,5265.0,5265.0,5127.25,5212.25,329998.0,188676.0,57.17
2024-05-28 00:00:00+05:30,5209.0,5285.4,5180.55,5250.55,259151.0,161858.0,62.46
2024-05-29 00:00:00+05:30,5202.0,5268.0,5200.0,5229.8,286144.0,171888.0,60.07
2024-05-30 00:00:00+05:30,5202.1,5242.1,5173.0,5198.55,357619.0,209212.0,58.5
2024-05-31 00:00:00+05:30,5208.0,5221.0,5110.65,5179.8,651525.0,468968.0,71.98
2024-06-03 00:00:00+05:30,5300.0,5300.0,5160.0,5167.8,199328.0,100541.0,50.44
2024-06-04 00:00:00+05:30,5205.55,5414.4,5127.05,5325.1,989039.0,460866.0,46.6
2024-06-05 00:00:00+05:30,5325.1,5725.0,5325.0,5486.65,1188965.0,584460.0,49.16
2024-06-06 00:00:00+05:30,5465.0,5514.1,5311.45,5440.45,629293.0,248025.0,39.41
2024-06-07 00:00:00+05:30,5431.65,5470.0,5395.0,5463.55,226777.0,103042.0,45.44
2024-06-10 00:00:00+05:30,5465.0,5560.75,5406.1,5488.4,306665.0,148404.0,48.39
2024-06-11 00:00:00+05:30,5500.0,5606.75,5500.0,5517.75,476899.0,263071.0,55.16
2024-06-12 00:00:00+05:30,5550.55,5568.0,5431.0,5439.3,279376.0,121721.0,43.57
2024-06-13 00:00:00+05:30,5439.6,5449.95,5341.7,5379.45,434594.0,226538.0,52.13
2024-06-14 00:00:00+05:30,5397.55,5450.0,5375.6,5393.65,149569.0,76701.0,51.28
2024-06-18 00:00:00+05:30,5419.8,5435.0,5375.3,5395.85,155277.0,87610.0,56.42
2024-06-19 00:00:00+05:30,5416.0,5422.85,5350.0,5360.65,135179.0,68565.0,50.72
2024-06-20 00:00:00+05:30,5360.65,5400.0,5319.0,5378.45,296418.0,159558.0,53.83
2024-06-21 00:00:00+05:30,5369.1,5389.85,5317.5,5330.3,244120.0,150431.0,61.62
2024-06-24 00:00:00+05:30,5315.0,5330.0,5250.0,5297.75,463385.0,358433.0,77.35
2024-06-25 00:00:00+05:30,5297.8,5370.0,5289.2,5352.05,160890.0,65246.0,40.55
2024-06-26 00:00:00+05:30,5352.05,5434.55,5319.05,5421.7,221391.0,135710.0,61.3
2024-06-27 00:00:00+05:30,5388.8,5450.0,5382.15,5430.3,357573.0,181435.0,50.74
2024-06-28 00:00:00+05:30,5435.0,5490.0,5416.25,5475.55,215576.0,120240.0,55.78
2024-07-01 00:00:00+05:30,5475.05,5489.15,5431.05,5476.5,223560.0,146881.0,65.7
2024-07-02 00:00:00+05:30,5500.0,5500.0,5384.3,5401.65,163333.0,96506.0,59.09
2024-07-03 00:00:00+05:30,5421.75,5498.0,5389.8,5449.1,211361.0,94938.0,44.92
2024-07-04 00:00:00+05:30,5454.95,5487.35,5397.55,5426.25,138170.0,68687.0,49.71
2024-07-05 00:00:00+05:30,5445.95,5554.5,5433.95,5546.8,172330.0,62269.0,36.13
2024-07-08 00:00:00+05:30,5555.0,5615.95,5534.05,5568.55,171210.0,68598.0,40.07
2024-07-09 00:00:00+05:30,5700.0,5705.0,5583.05,5668.85,389812.0,157889.0,40.5
2024-07-10 00:00:00+05:30,5670.05,5800.0,5670.05,5755.55,526095.0,197277.0,37.5
2024-07-11 00:00:00+05:30,5800.0,5805.0,5720.0,5761.3,372798.0,,
2024-07-12 00:00:00+05:30,5780.0,5805.0,5713.2,5787.05,222315.0,,
2024-07-15 00:00:00+05:30,5807.0,5847.75,5788.0,5809.7,135374.0,,
2024-07-16 00:00:00+05:30,5812.0,5880.0,5770.1,5862.35,162459.0,,
