Timestamp,Open,High,Low,Close,Volume
2021-01-01 00:00:00+05:30,923.7,934.7,914.05,927.75,2508787.0
2021-01-04 00:00:00+05:30,936.1,970.0,926.65,965.75,4064228.0
2021-01-05 00:00:00+05:30,966.0,996.85,961.0,979.35,5432276.0
2021-01-06 00:00:00+05:30,979.9,983.6,954.45,968.85,2719230.0
2021-01-07 00:00:00+05:30,970.7,977.55,954.5,957.45,1794996.0
2021-01-08 00:00:00+05:30,957.0,967.0,940.6,945.45,2685467.0
2021-01-11 00:00:00+05:30,950.2,967.0,940.15,965.2,2675477.0
2021-01-12 00:00:00+05:30,969.5,975.0,952.7,960.0,2218672.0
2021-01-13 00:00:00+05:30,960.2,974.9,928.35,940.55,2998155.0
2021-01-14 00:00:00+05:30,941.0,968.75,928.85,959.25,2057571.0
2021-01-15 00:00:00+05:30,950.55,955.0,924.3,936.0,3930577.0
2021-01-18 00:00:00+05:30,933.8,937.9,900.5,917.3,2668925.0
2021-01-19 00:00:00+05:30,921.4,931.4,918.2,924.25,1407915.0
2021-01-20 00:00:00+05:30,926.2,942.0,923.7,930.0,1995224.0
2021-01-21 00:00:00+05:30,935.0,938.0,897.5,902.25,2017757.0
2021-01-22 00:00:00+05:30,904.75,948.0,880.15,923.8,4867955.0
2021-01-25 00:00:00+05:30,935.0,1023.7,932.0,998.6,14752476.0
2021-01-27 00:00:00+05:30,998.6,1000.0,948.25,959.6,4703167.0
2021-01-28 00:00:00+05:30,941.3,955.0,926.25,944.5,3202527.0
2021-01-29 00:00:00+05:30,950.0,954.7,900.45,905.25,3207175.0
2021-02-01 00:00:00+05:30,912.0,926.95,889.0,921.45,2095169.0
2021-02-02 00:00:00+05:30,929.0,938.9,910.6,921.6,2691899.0
2021-02-03 00:00:00+05:30,921.6,948.75,916.95,920.0,4755005.0
2021-02-04 00:00:00+05:30,921.8,935.8,912.2,928.0,1880979.0
2021-02-05 00:00:00+05:30,932.0,954.9,925.0,942.85,4130997.0
2021-02-08 00:00:00+05:30,951.8,959.8,940.65,956.95,3279696.0
2021-02-09 00:00:00+05:30,961.95,974.9,952.0,959.45,4675366.0
2021-02-10 00:00:00+05:30,961.95,980.0,948.0,967.95,3626907.0
2021-02-11 00:00:00+05:30,944.5,969.7,928.0,935.2,6401181.0
2021-02-12 00:00:00+05:30,947.5,947.5,923.55,929.95,2640188.0
2021-02-15 00:00:00+05:30,935.0,944.9,928.7,932.2,1590157.0
2021-02-16 00:00:00+05:30,933.05,942.7,923.7,934.0,1825324.0
2021-02-17 00:00:00+05:30,935.0,943.0,915.65,920.9,2108101.0
2021-02-18 00:00:00+05:30,923.1,925.6,910.0,911.7,1723055.0
2021-02-19 00:00:00+05:30,911.7,921.8,883.0,888.55,3292711.0
2021-02-22 00:00:00+05:30,886.0,890.7,849.0,856.4,3205312.0
2021-02-23 00:00:00+05:30,850.6,862.7,837.0,853.6,3020894.0
2021-02-24 00:00:00+05:30,864.6,868.45,851.1,862.0,1053425.0
2021-02-25 00:00:00+05:30,867.75,875.2,856.35,861.95,2575506.0
2021-02-26 00:00:00+05:30,849.0,871.95,844.45,851.5,3866261.0
2021-03-01 00:00:00+05:30,855.1,879.0,849.4,873.65,1653188.0
2021-03-02 00:00:00+05:30,885.0,889.0,868.75,885.9,2231413.0
2021-03-03 00:00:00+05:30,888.0,889.0,875.0,880.5,2251855.0
2021-03-04 00:00:00+05:30,874.9,884.8,868.55,874.9,1523124.0
2021-03-05 00:00:00+05:30,874.9,874.95,856.0,862.8,1792630.0
2021-03-08 00:00:00+05:30,863.35,876.5,859.0,862.7,1550525.0
2021-03-09 00:00:00+05:30,864.0,870.0,843.5,852.95,1087546.0
2021-03-10 00:00:00+05:30,853.0,863.95,850.1,857.3,1525555.0
2021-03-12 00:00:00+05:30,869.0,869.0,844.0,848.25,2032532.0
2021-03-15 00:00:00+05:30,847.95,848.0,817.0,835.3,2109424.0
2021-03-16 00:00:00+05:30,836.0,852.85,828.3,840.95,1432999.0
2021-03-17 00:00:00+05:30,839.5,852.1,832.0,839.3,2109135.0
2021-03-18 00:00:00+05:30,835.05,847.9,802.15,807.9,2542148.0
2021-03-19 00:00:00+05:30,803.0,826.4,797.3,822.25,2895534.0
2021-03-22 00:00:00+05:30,830.1,849.5,826.0,835.25,3076947.0
2021-03-23 00:00:00+05:30,838.0,848.5,830.5,846.15,1549395.0
2021-03-24 00:00:00+05:30,842.7,862.55,841.2,855.85,2888757.0
2021-03-25 00:00:00+05:30,860.1,864.4,825.1,840.15,2705863.0
2021-03-26 00:00:00+05:30,843.7,857.5,838.3,850.05,1322135.0
2021-03-30 00:00:00+05:30,862.1,873.05,852.3,870.4,1646260.0
2021-03-31 00:00:00+05:30,871.0,885.0,865.45,877.0,1493456.0
2021-04-01 00:00:00+05:30,879.0,886.95,866.35,880.6,1439378.0
2021-04-05 00:00:00+05:30,879.0,893.65,871.0,882.2,1558537.0
2021-04-06 00:00:00+05:30,882.2,894.9,878.5,892.8,1509341.0
2021-04-07 00:00:00+05:30,897.45,911.45,893.0,905.0,1709886.0
2021-04-08 00:00:00+05:30,910.45,919.85,906.0,907.4,1481593.0
2021-04-09 00:00:00+05:30,902.0,952.95,901.3,943.7,3906089.0
2021-04-12 00:00:00+05:30,940.7,949.25,906.0,915.2,2973245.0
2021-04-13 00:00:00+05:30,917.1,925.0,889.5,909.25,1692539.0
2021-04-15 00:00:00+05:30,917.0,932.0,900.0,915.25,4393016.0
2021-04-16 00:00:00+05:30,916.1,959.0,910.5,953.0,4381077.0
2021-04-19 00:00:00+05:30,955.0,974.0,932.2,965.9,4587414.0
2021-04-20 00:00:00+05:30,980.0,1006.25,976.5,987.3,6960341.0
2021-04-22 00:00:00+05:30,987.95,1015.0,975.0,993.2,7279192.0
2021-04-23 00:00:00+05:30,996.95,1008.9,980.1,993.35,3343982.0
2021-04-26 00:00:00+05:30,999.0,999.95,966.75,971.2,1908371.0
2021-04-27 00:00:00+05:30,976.1,983.8,963.75,972.6,1855712.0
2021-04-28 00:00:00+05:30,973.95,981.0,959.05,963.0,1449708.0
2021-04-29 00:00:00+05:30,960.0,989.0,960.0,967.9,2277852.0
2021-04-30 00:00:00+05:30,964.0,989.0,964.0,980.85,2008833.0
2021-05-03 00:00:00+05:30,979.7,986.25,965.5,968.75,1413800.0
2021-05-04 00:00:00+05:30,973.95,980.0,950.0,956.5,1675445.0
2021-05-05 00:00:00+05:30,957.1,1024.9,955.8,1018.05,6013845.0
2021-05-06 00:00:00+05:30,1035.0,1039.0,1000.0,1009.05,4589925.0
2021-05-07 00:00:00+05:30,1009.1,1023.0,1001.0,1013.05,2295143.0
2021-05-10 00:00:00+05:30,1018.85,1061.75,1016.1,1047.95,4113837.0
2021-05-11 00:00:00+05:30,1041.95,1063.9,1018.9,1030.9,2669097.0
2021-05-12 00:00:00+05:30,1034.9,1039.0,1005.05,1017.3,2777387.0
2021-05-14 00:00:00+05:30,1021.9,1026.9,995.45,1006.7,2356837.0
2021-05-17 00:00:00+05:30,1009.9,1017.0,1000.2,1002.35,1354073.0
2021-05-18 00:00:00+05:30,1004.95,1020.35,999.4,1004.1,1640603.0
2021-05-19 00:00:00+05:30,1000.15,1029.9,1000.15,1017.1,2427952.0
2021-05-20 00:00:00+05:30,1022.2,1031.0,1011.0,1025.5,2172611.0
2021-05-21 00:00:00+05:30,1030.1,1034.9,1008.45,1013.15,1335198.0
2021-05-24 00:00:00+05:30,1011.0,1021.6,1009.1,1013.75,1249818.0
2021-05-25 00:00:00+05:30,1021.9,1025.0,1006.2,1022.65,1205187.0
2021-05-26 00:00:00+05:30,1022.7,1043.1,1017.5,1023.35,1808869.0
2021-05-27 00:00:00+05:30,1023.7,1037.9,1015.1,1031.6,1905558.0
2021-05-28 00:00:00+05:30,1033.0,1034.35,1016.35,1021.95,1211058.0
2021-05-31 00:00:00+05:30,1029.0,1032.0,983.55,997.95,6479571.0
2021-06-01 00:00:00+05:30,1003.05,1008.6,959.25,970.3,4966308.0
2021-06-02 00:00:00+05:30,971.0,984.25,962.75,966.45,3285936.0
2021-06-03 00:00:00+05:30,970.0,973.3,962.0,967.85,1288642.0
2021-06-04 00:00:00+05:30,973.0,974.5,956.05,959.05,1523941.0
2021-06-07 00:00:00+05:30,964.05,968.0,956.45,959.5,1716849.0
2021-06-08 00:00:00+05:30,961.1,974.4,950.5,972.1,2096931.0
2021-06-09 00:00:00+05:30,974.95,982.0,952.45,958.95,2809672.0
2021-06-10 00:00:00+05:30,960.3,977.5,960.05,964.0,1697256.0
2021-06-11 00:00:00+05:30,969.0,1016.45,961.5,1009.8,6841992.0
2021-06-14 00:00:00+05:30,1014.6,1018.0,982.3,994.3,3167139.0
2021-06-15 00:00:00+05:30,997.05,1003.75,987.7,993.75,1403088.0
2021-06-16 00:00:00+05:30,994.0,1009.5,980.85,987.6,2971186.0
2021-06-17 00:00:00+05:30,978.7,989.15,946.9,961.7,2761786.0
2021-06-18 00:00:00+05:30,961.0,968.6,917.75,952.45,2777513.0
2021-06-21 00:00:00+05:30,942.0,956.6,931.0,954.75,1212189.0
2021-06-22 00:00:00+05:30,954.9,966.85,947.45,952.6,2123850.0
2021-06-23 00:00:00+05:30,953.2,957.0,940.25,944.4,1374349.0
2021-06-24 00:00:00+05:30,940.6,949.7,932.5,938.2,1482530.0
2021-06-25 00:00:00+05:30,940.0,959.05,939.6,950.35,1758141.0
2021-06-28 00:00:00+05:30,952.1,972.8,952.1,967.8,1811568.0
2021-06-29 00:00:00+05:30,968.5,979.9,963.5,967.2,1242682.0
2021-06-30 00:00:00+05:30,969.1,975.0,963.3,965.2,915643.0
2021-07-01 00:00:00+05:30,965.3,978.0,956.1,968.05,1826044.0
2021-07-02 00:00:00+05:30,979.75,1013.0,973.05,994.2,7465971.0
2021-07-05 00:00:00+05:30,1006.7,1006.7,994.7,1002.6,1479046.0
2021-07-06 00:00:00+05:30,1002.0,1004.0,975.75,980.4,1183840.0
2021-07-07 00:00:00+05:30,975.0,981.4,962.0,965.2,1620100.0
2021-07-08 00:00:00+05:30,966.1,973.5,947.35,951.75,1347140.0
2021-07-09 00:00:00+05:30,950.5,956.0,942.0,948.7,1235790.0
2021-07-12 00:00:00+05:30,956.0,956.0,939.3,940.7,1312188.0
2021-07-13 00:00:00+05:30,942.1,965.0,938.2,956.95,1726852.0
2021-07-14 00:00:00+05:30,970.0,976.45,958.9,962.95,2120522.0
2021-07-15 00:00:00+05:30,965.1,966.5,954.5,955.9,619445.0
2021-07-16 00:00:00+05:30,957.0,978.85,955.45,975.55,2251321.0
2021-07-19 00:00:00+05:30,966.1,975.0,959.15,965.1,758851.0
2021-07-20 00:00:00+05:30,966.1,978.25,960.5,965.5,1709950.0
2021-07-22 00:00:00+05:30,972.0,973.9,963.1,972.1,522286.0
2021-07-23 00:00:00+05:30,974.1,976.0,960.3,963.7,552979.0
2021-07-26 00:00:00+05:30,968.45,968.45,951.5,952.8,750688.0
2021-07-27 00:00:00+05:30,954.1,956.85,901.2,905.4,3084472.0
2021-07-28 00:00:00+05:30,914.1,920.0,877.05,915.1,2755824.0
2021-07-29 00:00:00+05:30,920.0,923.1,905.05,908.25,1240383.0
2021-07-30 00:00:00+05:30,913.05,929.95,903.0,916.6,1528530.0
2021-08-02 00:00:00+05:30,920.1,924.7,912.65,918.3,1008260.0
2021-08-03 00:00:00+05:30,920.0,927.5,914.3,916.9,1248612.0
2021-08-04 00:00:00+05:30,917.0,927.9,904.5,906.55,1254393.0
2021-08-05 00:00:00+05:30,909.0,930.0,897.75,908.1,1791905.0
2021-08-06 00:00:00+05:30,912.6,912.6,899.5,901.3,757692.0
2021-08-09 00:00:00+05:30,900.0,902.95,881.2,887.7,1181900.0
2021-08-10 00:00:00+05:30,890.0,898.8,871.3,879.5,1183982.0
2021-08-11 00:00:00+05:30,883.0,883.8,850.9,856.5,2140873.0
2021-08-12 00:00:00+05:30,862.0,864.4,822.1,826.2,4086652.0
2021-08-13 00:00:00+05:30,806.0,822.0,754.0,761.3,20460478.0
2021-08-16 00:00:00+05:30,766.0,768.45,734.4,738.05,6719365.0
2021-08-17 00:00:00+05:30,739.25,754.5,728.3,731.45,5659280.0
2021-08-18 00:00:00+05:30,732.95,746.8,716.0,721.65,7732484.0
2021-08-20 00:00:00+05:30,721.0,721.0,677.0,681.1,8306985.0
2021-08-23 00:00:00+05:30,712.2,726.2,678.15,682.95,12977112.0
2021-08-24 00:00:00+05:30,685.0,691.3,660.3,688.2,9566077.0
2021-08-25 00:00:00+05:30,693.1,708.8,684.5,696.7,5847568.0
2021-08-26 00:00:00+05:30,699.95,707.9,693.6,699.1,4731473.0
2021-08-27 00:00:00+05:30,707.0,718.0,698.05,710.0,7231441.0
2021-08-30 00:00:00+05:30,714.0,717.75,706.0,716.05,3231421.0
2021-08-31 00:00:00+05:30,719.1,729.0,713.2,727.3,3877654.0
2021-09-01 00:00:00+05:30,729.0,734.7,719.35,729.9,2486589.0
2021-09-02 00:00:00+05:30,731.0,749.25,727.6,746.85,3636943.0
2021-09-03 00:00:00+05:30,748.0,759.9,741.9,757.9,2650092.0
2021-09-06 00:00:00+05:30,760.0,762.75,747.05,754.75,2280109.0
2021-09-07 00:00:00+05:30,756.4,756.9,742.85,746.3,1701767.0
2021-09-08 00:00:00+05:30,748.0,748.15,737.0,743.25,1419668.0
2021-09-09 00:00:00+05:30,743.9,745.0,733.0,741.75,1930098.0
2021-09-13 00:00:00+05:30,742.5,742.5,732.1,736.15,1355587.0
2021-09-14 00:00:00+05:30,736.15,750.9,733.6,748.05,2377906.0
2021-09-15 00:00:00+05:30,749.8,767.35,745.0,759.0,3515645.0
2021-09-16 00:00:00+05:30,762.7,762.7,750.65,754.75,1683112.0
2021-09-17 00:00:00+05:30,755.4,758.9,738.8,746.2,2364341.0
2021-09-20 00:00:00+05:30,740.0,743.65,708.0,712.4,2932150.0
2021-09-21 00:00:00+05:30,713.0,729.6,707.1,726.4,2664801.0
2021-09-22 00:00:00+05:30,723.6,733.95,719.8,731.1,1674667.0
2021-09-23 00:00:00+05:30,739.0,739.0,727.6,733.45,2015529.0
2021-09-24 00:00:00+05:30,735.7,737.2,717.5,721.55,1962703.0
2021-09-27 00:00:00+05:30,725.0,725.15,714.0,722.0,1333668.0
2021-09-28 00:00:00+05:30,722.0,730.7,709.6,725.05,3589557.0
2021-09-29 00:00:00+05:30,721.4,736.9,718.9,727.95,2240377.0
2021-09-30 00:00:00+05:30,720.7,735.85,720.35,724.8,1993150.0
2021-10-01 00:00:00+05:30,721.9,724.35,706.5,717.3,2877882.0
2021-10-04 00:00:00+05:30,710.0,751.9,708.0,732.15,5658239.0
2021-10-05 00:00:00+05:30,732.3,734.9,718.2,724.0,2241909.0
2021-10-06 00:00:00+05:30,726.5,729.4,712.15,715.35,1928858.0
2021-10-07 00:00:00+05:30,719.7,726.4,716.35,719.6,1514665.0
2021-10-08 00:00:00+05:30,721.0,730.45,713.1,714.75,2179776.0
2021-10-11 00:00:00+05:30,718.7,725.0,711.1,720.55,1309853.0
2021-10-12 00:00:00+05:30,722.0,735.5,720.05,729.85,2505322.0
2021-10-13 00:00:00+05:30,735.0,735.0,725.05,728.55,1220720.0
2021-10-14 00:00:00+05:30,734.65,737.0,724.2,727.15,1592618.0
2021-10-18 00:00:00+05:30,727.4,731.0,717.15,718.25,2001971.0
2021-10-19 00:00:00+05:30,723.0,727.15,710.0,712.55,1518895.0
2021-10-20 00:00:00+05:30,713.0,716.7,691.45,701.7,2049982.0
2021-10-21 00:00:00+05:30,708.0,717.8,698.1,705.9,1519098.0
2021-10-22 00:00:00+05:30,708.0,712.85,689.1,695.05,1592318.0
2021-10-25 00:00:00+05:30,697.0,697.8,675.55,685.35,1798234.0
2021-10-26 00:00:00+05:30,686.0,705.5,683.4,703.5,1717288.0
2021-10-27 00:00:00+05:30,704.7,714.75,702.55,706.6,1637432.0
2021-10-28 00:00:00+05:30,706.0,706.5,675.2,678.65,1919106.0
2021-10-29 00:00:00+05:30,680.1,699.25,671.75,689.35,2550003.0
2021-11-01 00:00:00+05:30,691.8,699.0,683.0,697.6,1548944.0
2021-11-02 00:00:00+05:30,700.0,703.95,690.0,691.2,1700086.0
2021-11-03 00:00:00+05:30,694.2,697.05,681.0,685.8,1666448.0
2021-11-04 00:00:00+05:30,690.0,691.85,685.8,690.05,153662.0
2021-11-08 00:00:00+05:30,690.05,693.7,662.1,672.0,4499700.0
2021-11-09 00:00:00+05:30,686.0,713.5,673.75,677.0,10507567.0
2021-11-10 00:00:00+05:30,679.0,706.9,678.0,699.85,8258617.0
2021-11-11 00:00:00+05:30,698.0,701.45,684.0,686.55,2324367.0
2021-11-12 00:00:00+05:30,690.0,692.0,681.5,687.9,1243951.0
2021-11-15 00:00:00+05:30,692.0,699.8,688.1,695.75,1258226.0
2021-11-16 00:00:00+05:30,697.0,698.95,684.5,686.8,1166157.0
2021-11-17 00:00:00+05:30,686.0,686.55,664.9,666.55,1891189.0
2021-11-18 00:00:00+05:30,668.0,668.7,634.05,639.55,4597685.0
2021-11-22 00:00:00+05:30,639.55,642.75,620.5,627.6,2200342.0
2021-11-23 00:00:00+05:30,625.1,652.6,623.0,650.95,1887108.0
2021-11-24 00:00:00+05:30,653.0,670.5,651.15,658.85,1931208.0
2021-11-25 00:00:00+05:30,659.45,675.0,655.05,668.9,2955059.0
2021-11-26 00:00:00+05:30,668.0,691.15,664.05,678.55,4938416.0
2021-11-29 00:00:00+05:30,680.0,686.95,652.0,654.9,2391475.0
2021-11-30 00:00:00+05:30,653.0,672.25,648.6,660.25,2793791.0
2021-12-01 00:00:00+05:30,664.0,668.9,653.35,662.6,1469340.0
2021-12-02 00:00:00+05:30,662.0,674.7,661.25,673.55,1473264.0
2021-12-03 00:00:00+05:30,677.35,678.0,669.5,674.15,1098651.0
2021-12-06 00:00:00+05:30,675.0,675.0,660.0,661.8,1186164.0
2021-12-07 00:00:00+05:30,661.8,678.6,658.2,673.35,1901564.0
2021-12-08 00:00:00+05:30,672.0,703.25,672.0,701.95,2519705.0
2021-12-09 00:00:00+05:30,702.0,708.5,700.4,705.25,2342265.0
2021-12-10 00:00:00+05:30,708.8,714.0,703.0,704.35,1881123.0
2021-12-13 00:00:00+05:30,706.1,709.0,691.0,693.2,1007377.0
2021-12-14 00:00:00+05:30,694.8,715.0,692.25,708.85,2663847.0
2021-12-15 00:00:00+05:30,709.95,713.7,691.0,692.95,1865950.0
2021-12-16 00:00:00+05:30,697.0,699.95,675.15,683.7,1995987.0
2021-12-17 00:00:00+05:30,687.1,689.0,665.3,679.6,1879826.0
2021-12-20 00:00:00+05:30,679.6,689.0,664.55,686.55,2719116.0
2021-12-21 00:00:00+05:30,693.0,696.6,680.2,693.75,1515222.0
2021-12-22 00:00:00+05:30,691.0,719.9,689.85,718.1,2412858.0
2021-12-23 00:00:00+05:30,725.0,726.7,717.65,723.1,1509479.0
2021-12-24 00:00:00+05:30,725.1,725.9,705.1,708.45,1485767.0
2021-12-27 00:00:00+05:30,710.0,728.8,707.1,726.1,1979849.0
2021-12-28 00:00:00+05:30,728.0,732.6,718.8,725.25,1595111.0
2021-12-29 00:00:00+05:30,732.0,735.65,723.0,727.05,1860717.0
2021-12-30 00:00:00+05:30,727.8,731.5,721.2,723.5,1090975.0
2021-12-31 00:00:00+05:30,726.0,739.8,720.5,734.35,1771378.0
2022-01-03 00:00:00+05:30,738.1,738.9,727.05,732.1,1091683.0
2022-01-04 00:00:00+05:30,734.1,736.95,721.0,722.25,1134250.0
2022-01-05 00:00:00+05:30,723.1,730.15,717.25,721.3,1147149.0
2022-01-06 00:00:00+05:30,718.25,726.85,715.1,717.95,772910.0
2022-01-07 00:00:00+05:30,722.0,723.0,707.3,710.0,1252895.0
2022-01-10 00:00:00+05:30,713.6,740.0,712.0,737.3,3081483.0
2022-01-11 00:00:00+05:30,741.0,742.0,713.4,719.7,2936101.0
2022-01-12 00:00:00+05:30,723.9,724.0,711.45,716.9,1136954.0
2022-01-13 00:00:00+05:30,718.9,726.5,715.5,717.6,1022378.0
2022-01-14 00:00:00+05:30,686.0,705.0,684.45,695.15,5879939.0
2022-01-17 00:00:00+05:30,698.8,699.75,684.5,685.8,2228627.0
2022-01-18 00:00:00+05:30,686.0,695.0,666.65,668.8,3536203.0
2022-01-19 00:00:00+05:30,668.8,674.9,657.0,670.5,2051486.0
2022-01-20 00:00:00+05:30,670.55,673.75,660.05,661.2,1673792.0
2022-01-21 00:00:00+05:30,661.2,676.6,650.1,655.45,2118832.0
2022-01-24 00:00:00+05:30,655.45,655.45,603.35,609.7,3355188.0
2022-01-25 00:00:00+05:30,609.7,621.6,590.1,616.85,3015220.0
2022-01-27 00:00:00+05:30,616.85,618.95,594.0,608.8,3349451.0
2022-01-28 00:00:00+05:30,619.2,638.0,612.4,623.9,2307397.0
2022-01-31 00:00:00+05:30,634.0,644.95,625.3,634.45,1561664.0
2022-02-01 00:00:00+05:30,644.8,660.0,634.45,657.5,2183856.0
2022-02-02 00:00:00+05:30,661.0,675.5,657.5,673.85,1868238.0
2022-02-03 00:00:00+05:30,673.0,674.75,663.1,670.75,1567696.0
2022-02-04 00:00:00+05:30,673.4,673.4,660.0,662.6,695091.0
2022-02-07 00:00:00+05:30,659.4,665.0,647.0,649.75,961493.0
2022-02-08 00:00:00+05:30,651.0,657.95,643.1,650.1,827594.0
2022-02-09 00:00:00+05:30,656.95,666.4,651.1,656.05,1460263.0
2022-02-10 00:00:00+05:30,651.0,688.95,643.0,684.4,8212849.0
2022-02-11 00:00:00+05:30,674.05,702.5,674.05,700.05,4099949.0
2022-02-14 00:00:00+05:30,692.65,715.0,675.95,680.4,4769930.0
2022-02-15 00:00:00+05:30,684.8,695.8,677.4,692.45,1550707.0
2022-02-16 00:00:00+05:30,692.95,697.65,681.3,690.1,1704627.0
2022-02-17 00:00:00+05:30,696.45,696.45,672.95,674.65,2199134.0
2022-02-18 00:00:00+05:30,671.0,671.15,653.0,657.0,3396636.0
2022-02-21 00:00:00+05:30,655.0,657.6,637.45,639.05,1978935.0
2022-02-22 00:00:00+05:30,625.0,639.9,615.1,637.55,2240216.0
2022-02-23 00:00:00+05:30,640.0,644.65,634.3,637.05,1200529.0
2022-02-24 00:00:00+05:30,620.05,627.45,601.1,605.45,2494850.0
2022-02-25 00:00:00+05:30,605.45,632.0,604.05,625.05,1965799.0
2022-02-28 00:00:00+05:30,619.95,627.95,610.3,625.25,1761801.0
2022-03-02 00:00:00+05:30,616.0,625.95,614.0,620.15,1459733.0
2022-03-03 00:00:00+05:30,628.6,628.6,613.75,618.45,1444017.0
2022-03-04 00:00:00+05:30,612.0,618.3,605.8,609.35,1318206.0
2022-03-07 00:00:00+05:30,609.35,613.4,584.25,608.95,2048437.0
2022-03-08 00:00:00+05:30,608.95,630.0,608.05,625.8,2395443.0
2022-03-09 00:00:00+05:30,627.2,639.35,625.5,635.25,1946987.0
2022-03-10 00:00:00+05:30,644.0,644.0,625.8,630.4,1663339.0
2022-03-11 00:00:00+05:30,629.9,645.0,622.2,642.25,2561170.0
2022-03-14 00:00:00+05:30,642.95,649.7,627.4,631.3,1074965.0
2022-03-15 00:00:00+05:30,630.0,640.85,617.5,621.75,1724237.0
2022-03-16 00:00:00+05:30,627.0,639.95,619.5,637.5,1785074.0
2022-03-17 00:00:00+05:30,643.0,655.0,638.45,640.35,3025169.0
2022-03-21 00:00:00+05:30,654.0,689.0,647.8,679.4,8041469.0
2022-03-22 00:00:00+05:30,680.0,694.25,674.9,687.5,3270480.0
2022-03-23 00:00:00+05:30,687.35,707.0,682.5,692.5,3137915.0
2022-03-24 00:00:00+05:30,690.0,724.0,688.9,721.15,4971872.0
2022-03-25 00:00:00+05:30,727.95,727.95,710.2,717.6,2510365.0
2022-03-28 00:00:00+05:30,715.25,726.0,701.5,706.75,1895663.0
2022-03-29 00:00:00+05:30,714.5,715.0,679.0,692.95,4105866.0
2022-03-30 00:00:00+05:30,700.45,700.45,671.15,675.6,4622242.0
2022-03-31 00:00:00+05:30,680.2,684.9,666.15,668.55,2679110.0
2022-04-01 00:00:00+05:30,673.85,684.45,663.0,682.35,1700773.0
2022-04-04 00:00:00+05:30,684.1,695.6,681.1,692.4,1013158.0
2022-04-05 00:00:00+05:30,692.9,711.2,691.4,705.4,1703841.0
2022-04-06 00:00:00+05:30,702.0,714.7,697.8,704.3,1074896.0
2022-04-07 00:00:00+05:30,708.0,713.95,695.15,698.85,1368137.0
2022-04-08 00:00:00+05:30,701.0,706.9,691.85,700.7,1219823.0
2022-04-11 00:00:00+05:30,699.0,709.95,696.0,698.1,807005.0
2022-04-12 00:00:00+05:30,696.0,701.95,678.0,681.15,1549353.0
2022-04-13 00:00:00+05:30,682.55,691.9,677.35,683.75,918292.0
2022-04-18 00:00:00+05:30,674.0,686.0,664.0,673.7,1051033.0
2022-04-19 00:00:00+05:30,679.0,685.05,652.0,662.15,1532926.0
2022-04-20 00:00:00+05:30,664.0,679.35,657.15,670.65,1128217.0
2022-04-21 00:00:00+05:30,673.95,677.1,669.1,674.0,624963.0
2022-04-22 00:00:00+05:30,670.0,685.7,665.0,666.7,1529118.0
2022-04-25 00:00:00+05:30,660.05,666.6,635.0,638.9,1270534.0
2022-04-26 00:00:00+05:30,638.9,649.0,633.1,638.1,1526663.0
2022-04-27 00:00:00+05:30,638.1,640.55,625.2,629.05,1078875.0
2022-04-28 00:00:00+05:30,629.05,639.5,627.65,633.4,1148438.0
2022-04-29 00:00:00+05:30,635.1,649.7,627.0,629.05,1468005.0
2022-05-02 00:00:00+05:30,626.7,653.0,624.45,642.5,2605546.0
2022-05-04 00:00:00+05:30,649.8,650.4,622.6,624.65,1674595.0
2022-05-05 00:00:00+05:30,630.0,641.5,624.65,625.35,994525.0
2022-05-06 00:00:00+05:30,625.35,627.95,604.0,612.95,1519390.0
2022-05-09 00:00:00+05:30,610.0,622.5,603.5,614.3,1041710.0
2022-05-10 00:00:00+05:30,614.3,621.4,600.0,603.1,990362.0
2022-05-11 00:00:00+05:30,597.0,607.55,560.25,584.4,4399756.0
2022-05-12 00:00:00+05:30,584.0,584.8,561.5,570.75,2430711.0
2022-05-13 00:00:00+05:30,579.9,582.5,556.1,562.55,1820308.0
2022-05-16 00:00:00+05:30,562.1,563.0,545.2,551.1,1884664.0
2022-05-17 00:00:00+05:30,551.1,555.05,533.2,535.65,3332778.0
2022-05-18 00:00:00+05:30,536.45,566.65,534.1,559.6,6093958.0
2022-05-19 00:00:00+05:30,556.45,556.45,520.85,522.85,3701404.0
2022-05-20 00:00:00+05:30,523.0,559.65,523.0,557.95,4256439.0
2022-05-23 00:00:00+05:30,561.5,575.0,552.8,558.8,2697633.0
2022-05-24 00:00:00+05:30,557.95,557.95,537.0,538.55,1883502.0
2022-05-25 00:00:00+05:30,541.1,544.0,514.1,523.1,1724714.0
2022-05-26 00:00:00+05:30,527.8,540.0,518.05,535.85,2614203.0
2022-05-27 00:00:00+05:30,540.0,543.2,525.0,529.7,1977051.0
2022-05-30 00:00:00+05:30,538.0,539.0,522.2,528.15,2420706.0
2022-05-31 00:00:00+05:30,530.3,549.0,525.05,530.8,8161933.0
2022-06-01 00:00:00+05:30,536.15,554.85,533.15,540.7,5019989.0
2022-06-02 00:00:00+05:30,543.0,546.4,527.05,532.95,2208144.0
2022-06-03 00:00:00+05:30,537.45,539.15,526.2,528.4,2594791.0
2022-06-06 00:00:00+05:30,526.05,530.75,519.0,522.5,2049193.0
2022-06-07 00:00:00+05:30,520.0,525.0,511.8,516.3,1461531.0
2022-06-08 00:00:00+05:30,519.0,525.0,512.2,522.9,1201974.0
2022-06-09 00:00:00+05:30,521.0,531.55,520.0,529.85,1468744.0
2022-06-10 00:00:00+05:30,525.0,537.5,520.7,533.6,1857317.0
2022-06-13 00:00:00+05:30,529.85,531.55,514.0,516.8,1552773.0
2022-06-14 00:00:00+05:30,512.8,538.9,512.8,535.75,4331977.0
2022-06-15 00:00:00+05:30,535.0,541.7,530.5,538.85,1617795.0
2022-06-16 00:00:00+05:30,540.0,543.5,520.0,522.7,1412513.0
2022-06-17 00:00:00+05:30,518.0,520.35,507.0,515.75,1787665.0
2022-06-20 00:00:00+05:30,518.0,523.95,503.45,509.75,1916739.0
2022-06-21 00:00:00+05:30,513.0,536.85,513.0,534.05,1983542.0
2022-06-22 00:00:00+05:30,532.55,535.95,516.05,518.5,1303737.0
2022-06-23 00:00:00+05:30,518.05,525.0,511.5,517.5,1324593.0
2022-06-24 00:00:00+05:30,522.0,529.85,520.0,526.5,1386075.0
2022-06-27 00:00:00+05:30,529.0,537.95,514.8,521.25,2008542.0
2022-06-28 00:00:00+05:30,517.2,522.55,508.3,521.35,1842702.0
2022-06-29 00:00:00+05:30,518.5,523.0,513.45,514.45,999484.0
2022-06-30 00:00:00+05:30,513.0,519.0,510.4,513.1,1748375.0
2022-07-01 00:00:00+05:30,512.25,524.0,506.5,522.45,831959.0
2022-07-04 00:00:00+05:30,521.7,531.15,517.2,529.25,834130.0
2022-07-05 00:00:00+05:30,529.5,545.0,528.3,533.4,1534805.0
2022-07-06 00:00:00+05:30,530.7,544.75,529.95,544.0,1503092.0
2022-07-07 00:00:00+05:30,546.0,551.3,542.7,546.55,705348.0
2022-07-08 00:00:00+05:30,550.0,553.35,541.1,546.55,540202.0
2022-07-11 00:00:00+05:30,543.7,549.9,535.75,543.95,1165686.0
2022-07-12 00:00:00+05:30,541.1,544.95,534.1,535.25,790069.0
2022-07-13 00:00:00+05:30,536.85,561.0,536.85,559.45,2639030.0
2022-07-14 00:00:00+05:30,559.45,563.75,546.0,552.7,1449496.0
2022-07-15 00:00:00+05:30,550.05,557.8,545.7,548.75,772648.0
2022-07-18 00:00:00+05:30,554.0,560.8,546.6,553.4,1164667.0
2022-07-19 00:00:00+05:30,548.2,564.45,548.2,556.95,1222660.0
2022-07-20 00:00:00+05:30,561.0,562.8,556.3,559.95,800481.0
2022-07-21 00:00:00+05:30,558.6,561.7,552.3,554.85,774208.0
2022-07-22 00:00:00+05:30,556.0,562.0,548.05,550.95,593764.0
2022-07-25 00:00:00+05:30,551.7,555.5,541.0,543.85,808782.0
2022-07-26 00:00:00+05:30,543.1,546.0,524.2,526.15,1333229.0
2022-07-27 00:00:00+05:30,525.0,543.5,524.95,542.1,1101135.0
2022-07-28 00:00:00+05:30,544.0,545.9,535.95,543.75,774317.0
2022-07-29 00:00:00+05:30,547.0,552.0,539.0,547.0,1192889.0
2022-08-01 00:00:00+05:30,547.5,560.55,546.1,558.15,1028600.0
2022-08-02 00:00:00+05:30,557.0,580.45,547.3,575.2,2208767.0
2022-08-03 00:00:00+05:30,570.1,571.55,553.0,557.2,2013808.0
2022-08-04 00:00:00+05:30,561.8,572.4,553.85,571.1,1491042.0
2022-08-05 00:00:00+05:30,574.0,586.95,566.5,568.65,2085811.0
2022-08-08 00:00:00+05:30,570.0,576.25,563.05,567.85,852365.0
2022-08-10 00:00:00+05:30,567.85,575.45,562.0,564.5,837292.0
2022-08-11 00:00:00+05:30,571.8,577.9,567.25,575.7,1320326.0
2022-08-12 00:00:00+05:30,575.0,604.0,571.15,593.45,6178379.0
2022-08-16 00:00:00+05:30,595.1,602.9,582.9,584.0,2162255.0
2022-08-17 00:00:00+05:30,588.95,588.95,577.2,579.9,1405047.0
2022-08-18 00:00:00+05:30,581.8,586.45,566.1,583.1,2189347.0
2022-08-19 00:00:00+05:30,583.9,587.0,567.1,569.3,1529059.0
2022-08-22 00:00:00+05:30,567.0,569.4,550.0,551.75,1143709.0
2022-08-23 00:00:00+05:30,548.0,560.6,546.35,559.45,922069.0
2022-08-24 00:00:00+05:30,560.4,566.0,557.0,561.35,885964.0
2022-08-25 00:00:00+05:30,564.3,564.55,553.5,554.95,1075920.0
2022-08-26 00:00:00+05:30,558.0,558.6,548.5,549.85,1006785.0
2022-08-29 00:00:00+05:30,535.0,544.0,532.3,539.7,1160231.0
2022-08-30 00:00:00+05:30,539.7,547.3,538.3,545.4,1128448.0
2022-09-01 00:00:00+05:30,545.4,546.95,537.0,539.05,1251348.0
2022-09-02 00:00:00+05:30,545.9,551.0,534.0,534.9,1640956.0
2022-09-05 00:00:00+05:30,540.0,542.75,536.0,539.55,718433.0
2022-09-06 00:00:00+05:30,541.0,543.05,533.8,537.55,918366.0
2022-09-07 00:00:00+05:30,537.0,545.95,535.15,544.75,853942.0
2022-09-08 00:00:00+05:30,547.0,549.0,539.0,542.1,667965.0
2022-09-09 00:00:00+05:30,544.0,551.9,541.0,542.3,1077978.0
2022-09-12 00:00:00+05:30,542.3,553.5,540.9,551.15,1082477.0
2022-09-13 00:00:00+05:30,553.9,554.8,547.7,553.15,800932.0
2022-09-14 00:00:00+05:30,542.0,556.4,542.0,552.2,1051579.0
2022-09-15 00:00:00+05:30,554.0,556.75,542.3,547.15,856627.0
2022-09-16 00:00:00+05:30,546.7,548.8,531.45,533.1,1602064.0
2022-09-19 00:00:00+05:30,533.05,534.65,518.0,519.5,1216472.0
2022-09-20 00:00:00+05:30,519.5,538.35,519.45,533.45,1789231.0
2022-09-21 00:00:00+05:30,536.15,539.35,523.55,525.1,1249104.0
2022-09-22 00:00:00+05:30,525.1,526.8,519.0,520.7,1863587.0
2022-09-23 00:00:00+05:30,520.8,529.5,515.0,517.05,1445867.0
2022-09-26 00:00:00+05:30,514.8,515.5,497.85,502.15,1108783.0
2022-09-27 00:00:00+05:30,504.5,507.0,494.3,502.9,1038202.0
2022-09-28 00:00:00+05:30,500.0,505.1,497.95,500.55,999919.0
2022-09-29 00:00:00+05:30,504.45,510.9,503.2,509.7,1950536.0
2022-09-30 00:00:00+05:30,512.25,517.8,505.3,510.6,2067616.0
2022-10-03 00:00:00+05:30,510.55,536.7,509.8,535.2,2466970.0
2022-10-04 00:00:00+05:30,536.0,545.7,533.0,544.25,1932227.0
2022-10-06 00:00:00+05:30,549.95,552.75,540.25,542.5,1518683.0
2022-10-07 00:00:00+05:30,541.1,544.0,537.1,539.9,620742.0
2022-10-10 00:00:00+05:30,535.0,538.25,528.75,535.45,500642.0
2022-10-11 00:00:00+05:30,533.05,535.7,506.7,510.35,1787877.0
2022-10-12 00:00:00+05:30,513.95,518.15,505.65,517.15,902714.0
2022-10-13 00:00:00+05:30,518.05,519.65,512.6,515.7,728811.0
2022-10-14 00:00:00+05:30,523.7,526.25,512.6,514.05,1067784.0
2022-10-17 00:00:00+05:30,513.1,525.9,510.25,519.85,1115296.0
2022-10-18 00:00:00+05:30,522.45,522.75,515.35,517.7,908795.0
2022-10-19 00:00:00+05:30,519.0,524.65,518.5,521.9,824799.0
2022-10-20 00:00:00+05:30,520.3,531.0,516.6,525.55,1124407.0
2022-10-21 00:00:00+05:30,526.9,529.9,521.25,524.45,668329.0
2022-10-24 00:00:00+05:30,529.0,529.0,522.05,524.5,111440.0
2022-10-25 00:00:00+05:30,525.0,525.9,518.35,519.9,747241.0
2022-10-27 00:00:00+05:30,520.2,530.95,517.5,529.55,1081578.0
2022-10-28 00:00:00+05:30,532.1,533.95,520.75,522.25,796361.0
2022-10-31 00:00:00+05:30,525.0,540.0,524.0,538.15,1471323.0
2022-11-01 00:00:00+05:30,540.0,551.75,535.2,549.75,1560365.0
2022-11-02 00:00:00+05:30,551.0,569.45,549.0,557.3,2619228.0
2022-11-03 00:00:00+05:30,556.4,559.9,551.8,558.35,567228.0
2022-11-04 00:00:00+05:30,559.45,562.9,549.7,553.6,740425.0
2022-11-07 00:00:00+05:30,556.05,560.6,550.1,557.3,1221450.0
2022-11-09 00:00:00+05:30,556.5,564.7,539.8,541.4,1308235.0
2022-11-10 00:00:00+05:30,536.0,539.2,464.2,477.8,15495645.0
2022-11-11 00:00:00+05:30,485.0,497.0,480.6,489.3,6081855.0
2022-11-14 00:00:00+05:30,470.0,492.0,457.0,487.45,9264373.0
2022-11-15 00:00:00+05:30,489.8,494.8,480.0,492.25,3099590.0
2022-11-16 00:00:00+05:30,491.0,494.7,475.7,477.9,2710520.0
2022-11-17 00:00:00+05:30,480.95,483.45,472.5,474.35,1419421.0
2022-11-18 00:00:00+05:30,476.75,476.8,465.8,469.0,1215955.0
2022-11-21 00:00:00+05:30,465.0,469.6,461.7,463.85,1119226.0
2022-11-22 00:00:00+05:30,463.9,467.5,459.0,460.75,1094997.0
2022-11-23 00:00:00+05:30,462.55,464.8,457.65,459.65,913212.0
2022-11-24 00:00:00+05:30,461.55,463.8,455.1,456.3,1228925.0
2022-11-25 00:00:00+05:30,458.6,465.35,455.3,464.05,1331236.0
2022-11-28 00:00:00+05:30,464.5,469.6,463.5,467.35,876607.0
2022-11-29 00:00:00+05:30,467.5,472.8,466.0,466.6,1069109.0
2022-11-30 00:00:00+05:30,468.0,470.95,464.0,467.35,1247749.0
2022-12-01 00:00:00+05:30,469.55,471.75,466.0,468.9,784539.0
2022-12-02 00:00:00+05:30,469.0,470.9,462.55,470.0,1440230.0
2022-12-05 00:00:00+05:30,472.3,472.8,465.15,465.85,1202878.0
2022-12-06 00:00:00+05:30,466.15,467.55,462.5,465.8,892965.0
2022-12-07 00:00:00+05:30,468.05,469.8,459.3,460.65,1171297.0
2022-12-08 00:00:00+05:30,462.55,462.9,457.75,458.85,718233.0
2022-12-09 00:00:00+05:30,460.0,461.7,450.1,454.0,1012582.0
2022-12-12 00:00:00+05:30,454.0,456.75,450.4,451.35,873716.0
2022-12-13 00:00:00+05:30,452.6,455.5,450.4,454.05,1014936.0
2022-12-14 00:00:00+05:30,455.0,462.9,453.75,454.5,1316392.0
2022-12-15 00:00:00+05:30,455.8,458.95,445.55,446.9,1609712.0
2022-12-16 00:00:00+05:30,446.85,447.9,439.4,441.85,1429216.0
2022-12-19 00:00:00+05:30,442.9,442.9,435.05,437.7,1368824.0
2022-12-20 00:00:00+05:30,437.7,440.9,434.45,438.45,1170181.0
2022-12-21 00:00:00+05:30,439.45,457.0,439.45,453.6,2449662.0
2022-12-22 00:00:00+05:30,458.0,459.2,443.5,446.5,1734238.0
2022-12-23 00:00:00+05:30,446.5,454.45,435.9,437.5,1866482.0
2022-12-26 00:00:00+05:30,439.45,442.1,434.4,437.2,1147139.0
2022-12-27 00:00:00+05:30,439.45,444.95,438.3,441.7,1239677.0
2022-12-28 00:00:00+05:30,442.05,444.55,437.1,440.2,1005266.0
2022-12-29 00:00:00+05:30,441.0,444.5,435.1,437.15,1190306.0
2022-12-30 00:00:00+05:30,440.0,441.35,436.25,438.3,866456.0
2023-01-02 00:00:00+05:30,439.9,439.9,429.2,434.8,1245057.0
2023-01-03 00:00:00+05:30,434.8,447.3,433.5,441.3,1449571.0
2023-01-04 00:00:00+05:30,441.75,444.95,438.05,441.2,959243.0
2023-01-05 00:00:00+05:30,440.35,444.95,437.7,443.9,781594.0
2023-01-06 00:00:00+05:30,444.25,455.65,440.4,442.05,1929565.0
2023-01-09 00:00:00+05:30,444.25,448.0,440.05,441.55,587711.0
2023-01-10 00:00:00+05:30,442.7,451.9,442.2,450.0,1304312.0
2023-01-11 00:00:00+05:30,453.0,454.0,445.8,447.55,1344932.0
2023-01-12 00:00:00+05:30,450.2,451.05,443.05,446.35,844101.0
2023-01-13 00:00:00+05:30,446.35,448.1,430.3,435.15,1954518.0
2023-01-16 00:00:00+05:30,436.45,447.8,434.25,446.5,1437903.0
2023-01-17 00:00:00+05:30,446.0,447.35,438.75,442.8,820754.0
2023-01-18 00:00:00+05:30,444.0,446.7,441.9,444.0,604579.0
2023-01-19 00:00:00+05:30,443.1,448.75,441.2,445.2,1644372.0
2023-01-20 00:00:00+05:30,446.0,448.65,443.0,444.7,827992.0
2023-01-23 00:00:00+05:30,445.95,447.7,442.85,445.85,545319.0
2023-01-24 00:00:00+05:30,446.5,447.65,435.55,438.25,988604.0
2023-01-25 00:00:00+05:30,438.25,438.25,416.6,417.75,2350736.0
2023-01-27 00:00:00+05:30,418.25,423.6,409.0,416.35,1407633.0
2023-01-30 00:00:00+05:30,416.35,418.5,409.3,411.35,1228760.0
2023-01-31 00:00:00+05:30,413.4,414.2,407.05,408.15,2751698.0
2023-02-01 00:00:00+05:30,410.0,426.0,408.65,412.7,2601213.0
2023-02-02 00:00:00+05:30,411.45,414.55,408.0,410.05,981009.0
2023-02-03 00:00:00+05:30,410.65,411.8,397.2,404.2,1462669.0
2023-02-06 00:00:00+05:30,404.0,418.65,403.85,415.0,1399266.0
2023-02-07 00:00:00+05:30,415.25,421.2,410.45,418.65,1663758.0
2023-02-08 00:00:00+05:30,421.45,450.7,415.5,445.05,4063207.0
2023-02-09 00:00:00+05:30,445.05,452.0,435.75,440.95,2102287.0
2023-02-10 00:00:00+05:30,447.0,471.7,447.0,468.85,9947832.0
2023-02-13 00:00:00+05:30,469.95,476.5,465.0,472.65,2869597.0
2023-02-14 00:00:00+05:30,472.75,475.65,464.2,472.8,2037987.0
2023-02-15 00:00:00+05:30,469.85,475.35,467.6,474.0,1096959.0
2023-02-16 00:00:00+05:30,474.0,482.5,470.5,479.9,1600925.0
2023-02-17 00:00:00+05:30,477.5,479.3,467.8,473.3,1008399.0
2023-02-20 00:00:00+05:30,471.0,473.75,464.1,464.9,833905.0
2023-02-21 00:00:00+05:30,468.0,468.0,458.75,460.0,1202669.0
2023-02-22 00:00:00+05:30,459.95,474.0,458.05,470.25,2578321.0
2023-02-23 00:00:00+05:30,469.0,471.0,465.35,467.6,1230699.0
2023-02-24 00:00:00+05:30,469.1,473.0,461.8,469.25,1335000.0
2023-02-27 00:00:00+05:30,469.25,470.25,456.0,459.0,1045308.0
2023-02-28 00:00:00+05:30,458.8,466.9,456.9,462.75,1828482.0
2023-03-01 00:00:00+05:30,459.9,465.0,455.65,463.65,1115997.0
2023-03-02 00:00:00+05:30,463.0,468.5,460.3,462.9,860657.0
2023-03-03 00:00:00+05:30,463.4,465.0,458.55,459.95,619282.0
2023-03-06 00:00:00+05:30,461.55,473.95,461.15,467.2,1330986.0
2023-03-08 00:00:00+05:30,463.1,471.55,458.6,462.05,1420223.0
2023-03-09 00:00:00+05:30,464.0,466.5,456.25,457.5,922934.0
2023-03-10 00:00:00+05:30,455.0,455.5,445.65,453.5,923701.0
2023-03-13 00:00:00+05:30,452.0,455.65,444.75,448.65,1433485.0
2023-03-14 00:00:00+05:30,449.05,460.15,447.05,450.45,1766298.0
2023-03-15 00:00:00+05:30,453.05,470.5,453.0,458.35,1812344.0
2023-03-16 00:00:00+05:30,458.3,477.0,458.0,473.25,3721230.0
2023-03-17 00:00:00+05:30,476.9,494.1,470.85,477.8,4731008.0
2023-03-20 00:00:00+05:30,476.4,481.45,467.35,474.3,3067333.0
2023-03-21 00:00:00+05:30,476.9,479.6,466.2,467.95,1057080.0
2023-03-22 00:00:00+05:30,469.0,480.25,466.0,478.75,1406383.0
2023-03-23 00:00:00+05:30,479.0,488.0,475.75,486.15,2085433.0
2023-03-24 00:00:00+05:30,486.0,503.0,485.0,500.45,4123319.0
2023-03-27 00:00:00+05:30,500.55,519.0,500.1,511.4,5489349.0
2023-03-28 00:00:00+05:30,510.8,514.05,498.35,511.45,2316816.0
2023-03-29 00:00:00+05:30,510.0,513.35,504.65,509.65,1308188.0
2023-03-31 00:00:00+05:30,513.95,520.8,510.8,516.25,1472207.0
2023-04-03 00:00:00+05:30,519.0,528.6,516.45,520.35,2011219.0
2023-04-05 00:00:00+05:30,521.0,524.9,517.45,521.5,1500742.0
2023-04-06 00:00:00+05:30,526.0,536.8,525.3,535.1,1855945.0
2023-04-10 00:00:00+05:30,536.0,542.55,533.0,540.75,917716.0
2023-04-11 00:00:00+05:30,537.4,548.3,536.45,542.65,1416890.0
2023-04-12 00:00:00+05:30,542.55,563.4,540.65,561.6,3076587.0
2023-04-13 00:00:00+05:30,561.0,575.0,559.05,565.95,2184732.0
2023-04-17 00:00:00+05:30,565.3,569.2,556.1,558.0,1419550.0
2023-04-18 00:00:00+05:30,559.35,579.0,557.95,577.45,2721487.0
2023-04-19 00:00:00+05:30,578.85,595.05,575.35,587.35,3208242.0
2023-04-20 00:00:00+05:30,591.3,594.6,578.25,580.75,2249782.0
2023-04-21 00:00:00+05:30,578.0,593.45,576.15,588.1,2408719.0
2023-04-24 00:00:00+05:30,590.05,591.15,583.3,589.65,920680.0
2023-04-25 00:00:00+05:30,589.7,604.05,581.6,600.5,2052267.0
2023-04-26 00:00:00+05:30,600.0,615.75,598.65,613.45,3391702.0
2023-04-27 00:00:00+05:30,613.45,619.7,610.3,617.45,1860574.0
2023-04-28 00:00:00+05:30,618.0,623.25,606.1,617.0,2240326.0
2023-05-02 00:00:00+05:30,617.95,622.3,610.85,617.3,1046718.0
2023-05-03 00:00:00+05:30,616.0,622.0,612.2,616.55,722188.0
2023-05-04 00:00:00+05:30,616.6,618.5,609.65,612.5,1025268.0
2023-05-05 00:00:00+05:30,613.0,614.65,598.1,599.05,1157895.0
2023-05-08 00:00:00+05:30,599.15,620.0,596.2,618.95,1063230.0
2023-05-09 00:00:00+05:30,617.5,621.9,612.0,614.15,814965.0
2023-05-10 00:00:00+05:30,615.0,623.55,611.15,618.8,743829.0
2023-05-11 00:00:00+05:30,618.8,621.65,599.25,606.4,1099255.0
2023-05-12 00:00:00+05:30,608.7,614.35,599.05,609.2,905934.0
2023-05-15 00:00:00+05:30,605.2,615.1,602.6,613.65,809844.0
2023-05-16 00:00:00+05:30,613.65,648.2,612.0,641.45,4776013.0
2023-05-17 00:00:00+05:30,641.4,644.45,617.4,619.6,1410055.0
2023-05-18 00:00:00+05:30,619.0,620.55,596.35,599.8,1171793.0
2023-05-19 00:00:00+05:30,598.0,606.55,581.25,590.05,1923624.0
2023-05-22 00:00:00+05:30,586.0,607.0,582.15,602.75,1617463.0
2023-05-23 00:00:00+05:30,607.0,614.5,601.8,603.5,1234348.0
2023-05-24 00:00:00+05:30,601.0,606.95,596.4,603.7,612181.0
2023-05-25 00:00:00+05:30,604.6,608.3,594.0,605.0,1162631.0
2023-05-26 00:00:00+05:30,591.25,618.0,591.25,614.85,1570786.0
2023-05-29 00:00:00+05:30,621.05,621.05,584.65,611.3,4209725.0
2023-05-30 00:00:00+05:30,614.05,655.0,612.75,650.75,9346787.0
2023-05-31 00:00:00+05:30,649.5,662.95,647.15,658.6,3860137.0
2023-06-01 00:00:00+05:30,655.5,661.0,646.15,658.7,1657715.0
2023-06-02 00:00:00+05:30,658.55,663.7,652.35,662.5,1226863.0
2023-06-05 00:00:00+05:30,663.05,665.4,657.0,658.9,1148661.0
2023-06-06 00:00:00+05:30,662.0,665.75,653.05,664.0,550985.0
2023-06-07 00:00:00+05:30,669.0,674.75,662.5,672.0,1398313.0
2023-06-08 00:00:00+05:30,674.0,674.9,665.65,668.5,790344.0
2023-06-09 00:00:00+05:30,668.45,670.45,661.75,669.4,999923.0
2023-06-12 00:00:00+05:30,670.5,674.5,661.9,663.7,465732.0
2023-06-13 00:00:00+05:30,664.1,683.5,661.1,681.6,1194564.0
2023-06-14 00:00:00+05:30,682.0,683.4,668.0,669.75,918389.0
2023-06-15 00:00:00+05:30,670.45,690.0,670.45,685.4,2612876.0
2023-06-16 00:00:00+05:30,689.85,689.85,676.2,681.5,1520193.0
2023-06-19 00:00:00+05:30,680.0,692.0,677.4,678.0,2181680.0
2023-06-20 00:00:00+05:30,676.9,683.15,674.05,679.15,592606.0
2023-06-21 00:00:00+05:30,681.3,684.95,674.6,681.95,1158401.0
2023-06-22 00:00:00+05:30,682.05,685.5,669.05,670.95,1255358.0
2023-06-23 00:00:00+05:30,668.0,700.95,665.75,700.0,4072377.0
2023-06-26 00:00:00+05:30,699.1,725.3,697.0,720.95,4998349.0
2023-06-27 00:00:00+05:30,722.0,725.2,715.05,718.05,1423568.0
2023-06-28 00:00:00+05:30,718.0,741.6,714.5,736.05,3201140.0
2023-06-30 00:00:00+05:30,736.0,738.55,725.6,727.0,1870636.0
2023-07-03 00:00:00+05:30,728.1,730.9,709.85,712.9,1097188.0
2023-07-04 00:00:00+05:30,717.4,718.55,709.05,713.15,1007415.0
2023-07-05 00:00:00+05:30,718.45,732.75,714.75,732.7,1449376.0
2023-07-06 00:00:00+05:30,732.0,765.0,725.05,763.0,3710638.0
2023-07-07 00:00:00+05:30,750.95,759.8,737.0,746.35,3121958.0
2023-07-10 00:00:00+05:30,750.8,750.8,725.6,737.2,2239693.0
2023-07-11 00:00:00+05:30,738.0,743.15,735.0,736.0,1049871.0
2023-07-12 00:00:00+05:30,735.0,744.8,730.65,732.0,1493149.0
2023-07-13 00:00:00+05:30,742.4,742.9,720.8,725.4,1082092.0
2023-07-14 00:00:00+05:30,728.8,742.95,723.8,739.5,1285825.0
2023-07-17 00:00:00+05:30,739.05,745.9,735.0,737.95,954830.0
2023-07-18 00:00:00+05:30,740.05,756.45,730.45,754.1,1217278.0
2023-07-19 00:00:00+05:30,757.1,773.8,746.05,751.0,3261542.0
2023-07-20 00:00:00+05:30,753.9,774.4,748.25,774.35,2306048.0
2023-07-21 00:00:00+05:30,775.0,791.55,771.1,780.0,2301974.0
2023-07-24 00:00:00+05:30,776.6,792.0,771.2,786.0,1787321.0
2023-07-25 00:00:00+05:30,785.3,791.0,775.65,787.3,1173844.0
2023-07-26 00:00:00+05:30,787.5,796.3,785.6,790.15,1118802.0
2023-07-27 00:00:00+05:30,801.6,846.35,795.4,836.0,6281600.0
2023-07-28 00:00:00+05:30,825.0,838.0,824.3,836.2,1991985.0
2023-07-31 00:00:00+05:30,836.05,840.85,816.3,823.2,1846313.0
2023-08-01 00:00:00+05:30,827.3,832.0,816.95,818.3,1018923.0
2023-08-02 00:00:00+05:30,814.45,819.85,805.65,816.8,1818328.0
2023-08-03 00:00:00+05:30,818.9,855.45,818.9,837.85,3822327.0
2023-08-04 00:00:00+05:30,843.55,855.4,832.35,840.0,1913739.0
2023-08-07 00:00:00+05:30,847.05,874.25,840.0,865.3,2741469.0
2023-08-08 00:00:00+05:30,870.0,874.95,852.05,865.4,1131876.0
2023-08-09 00:00:00+05:30,870.1,885.0,865.0,879.0,3117080.0
2023-08-10 00:00:00+05:30,877.05,886.0,865.8,873.8,1108707.0
2023-08-11 00:00:00+05:30,881.0,881.0,858.3,864.25,1775109.0
2023-08-14 00:00:00+05:30,866.55,887.45,850.65,870.85,3599158.0
2023-08-16 00:00:00+05:30,872.0,884.35,855.15,874.85,2862016.0
2023-08-17 00:00:00+05:30,881.0,881.9,864.1,866.95,1379088.0
2023-08-18 00:00:00+05:30,866.0,878.0,851.45,857.75,1627462.0
2023-08-21 00:00:00+05:30,858.0,866.85,849.9,855.0,1488279.0
2023-08-22 00:00:00+05:30,843.1,847.75,828.95,841.05,2859180.0
2023-08-23 00:00:00+05:30,843.45,852.55,836.1,836.1,1311679.0
2023-08-24 00:00:00+05:30,840.2,846.85,831.65,833.8,894017.0
2023-08-25 00:00:00+05:30,836.0,841.0,825.0,825.85,1470170.0
2023-08-28 00:00:00+05:30,829.9,833.75,820.3,828.5,1734114.0
2023-08-29 00:00:00+05:30,830.0,838.2,826.45,827.05,1488546.0
2023-08-30 00:00:00+05:30,830.85,841.2,828.65,834.0,1522268.0
2023-08-31 00:00:00+05:30,838.0,840.55,823.5,831.45,1896690.0
2023-09-01 00:00:00+05:30,830.0,838.95,819.35,825.55,1064301.0
2023-09-04 00:00:00+05:30,829.0,831.1,815.8,819.6,1692624.0
2023-09-05 00:00:00+05:30,820.15,858.7,820.1,851.6,1884702.0
2023-09-06 00:00:00+05:30,856.0,869.8,850.65,863.25,2158917.0
2023-09-07 00:00:00+05:30,863.45,868.6,856.2,861.7,1927370.0
2023-09-08 00:00:00+05:30,862.0,863.8,850.0,858.5,1037792.0
2023-09-11 00:00:00+05:30,858.5,873.35,855.1,867.8,1626866.0
2023-09-12 00:00:00+05:30,870.0,886.0,857.0,871.2,2376829.0
2023-09-13 00:00:00+05:30,871.0,907.7,871.0,902.5,5086869.0
2023-09-14 00:00:00+05:30,904.05,904.5,885.1,895.75,1481077.0
2023-09-15 00:00:00+05:30,898.8,904.9,892.95,898.85,2310793.0
2023-09-18 00:00:00+05:30,897.95,907.2,884.75,894.6,1573211.0
2023-09-20 00:00:00+05:30,894.6,899.5,886.25,890.0,1612327.0
2023-09-21 00:00:00+05:30,888.0,897.1,873.05,876.45,702319.0
2023-09-22 00:00:00+05:30,876.0,876.05,845.15,866.4,1427856.0
2023-09-25 00:00:00+05:30,866.6,875.9,852.2,871.05,1913142.0
2023-09-26 00:00:00+05:30,874.25,879.7,855.95,857.45,976441.0
2023-09-27 00:00:00+05:30,857.1,882.3,852.9,880.25,1669835.0
2023-09-28 00:00:00+05:30,882.0,885.0,868.0,873.6,1404057.0
2023-09-29 00:00:00+05:30,910.0,930.0,901.0,914.35,7776048.0
2023-10-03 00:00:00+05:30,917.0,917.45,881.1,908.65,2579401.0
2023-10-04 00:00:00+05:30,907.0,907.55,871.05,882.3,2293823.0
2023-10-05 00:00:00+05:30,884.0,889.95,872.35,877.25,1111578.0
2023-10-06 00:00:00+05:30,877.1,903.5,877.1,900.85,1973985.0
2023-10-09 00:00:00+05:30,893.0,915.7,887.85,911.15,2758288.0
2023-10-10 00:00:00+05:30,911.1,918.0,898.7,900.95,1358743.0
2023-10-11 00:00:00+05:30,903.75,909.2,895.1,899.9,1514502.0
2023-10-12 00:00:00+05:30,918.0,924.45,909.3,915.9,2904639.0
2023-10-13 00:00:00+05:30,911.6,922.0,906.5,920.0,1240460.0
2023-10-16 00:00:00+05:30,917.95,918.75,907.1,909.5,1232225.0
2023-10-17 00:00:00+05:30,913.0,921.95,905.2,908.2,956735.0
2023-10-18 00:00:00+05:30,906.6,911.8,890.05,899.9,2354306.0
2023-10-19 00:00:00+05:30,896.6,900.15,880.85,883.65,1082100.0
2023-10-20 00:00:00+05:30,883.0,883.0,862.5,866.2,1222902.0
2023-10-23 00:00:00+05:30,864.7,884.95,859.05,874.8,2406093.0
2023-10-25 00:00:00+05:30,878.9,880.0,854.85,861.1,1959691.0
2023-10-26 00:00:00+05:30,858.0,860.0,845.0,854.05,1937880.0
2023-10-27 00:00:00+05:30,856.9,864.95,851.55,854.45,1025711.0
2023-10-30 00:00:00+05:30,862.9,869.65,850.4,861.35,2023423.0
2023-10-31 00:00:00+05:30,865.0,870.25,846.85,849.5,1002465.0
2023-11-01 00:00:00+05:30,850.0,862.5,834.65,858.2,2290941.0
2023-11-02 00:00:00+05:30,860.15,871.6,854.95,855.95,1397643.0
2023-11-03 00:00:00+05:30,861.05,864.6,850.1,854.3,1177359.0
2023-11-06 00:00:00+05:30,858.15,879.0,856.35,873.8,1807592.0
2023-11-07 00:00:00+05:30,874.3,905.0,871.25,902.55,2091026.0
2023-11-08 00:00:00+05:30,906.8,947.7,903.5,936.55,4414035.0
2023-11-09 00:00:00+05:30,939.0,958.15,929.3,950.75,2550759.0
2023-11-10 00:00:00+05:30,964.0,984.0,941.55,979.7,5495149.0
2023-11-12 00:00:00+05:30,984.95,984.95,976.0,979.35,287407.0
2023-11-13 00:00:00+05:30,977.05,1015.0,972.0,979.6,3934167.0
2023-11-15 00:00:00+05:30,980.35,983.45,961.85,966.9,1931977.0
2023-11-16 00:00:00+05:30,968.1,980.0,959.0,976.55,2432781.0
2023-11-17 00:00:00+05:30,977.9,1009.2,974.15,1007.35,2294853.0
2023-11-20 00:00:00+05:30,1011.0,1024.95,991.6,998.1,3106595.0
2023-11-21 00:00:00+05:30,1004.0,1030.5,998.75,1027.25,1580297.0
2023-11-22 00:00:00+05:30,1035.0,1058.0,1021.1,1055.75,3502535.0
2023-11-23 00:00:00+05:30,1055.0,1055.0,1025.0,1028.75,1884144.0
2023-11-24 00:00:00+05:30,1033.8,1042.3,1028.95,1032.8,1332120.0
2023-11-28 00:00:00+05:30,1032.8,1034.75,1009.4,1016.15,2365708.0
2023-11-29 00:00:00+05:30,1018.0,1031.9,1010.0,1021.45,2341505.0
2023-11-30 00:00:00+05:30,1021.5,1047.9,1021.5,1041.55,3149289.0
2023-12-01 00:00:00+05:30,1049.0,1059.65,1031.0,1033.75,1227116.0
2023-12-04 00:00:00+05:30,1042.0,1046.0,1023.25,1042.65,1976331.0
2023-12-05 00:00:00+05:30,1047.8,1047.8,1012.75,1025.95,1328945.0
2023-12-06 00:00:00+05:30,1031.3,1031.3,1009.4,1016.65,1959229.0
2023-12-07 00:00:00+05:30,1016.6,1029.4,1009.65,1023.95,2472883.0
2023-12-08 00:00:00+05:30,1033.75,1033.75,1004.55,1017.4,979442.0
2023-12-11 00:00:00+05:30,1015.0,1016.0,996.3,1004.45,2556055.0
2023-12-12 00:00:00+05:30,1005.0,1022.95,1001.55,1011.3,2407714.0
2023-12-13 00:00:00+05:30,1014.7,1041.0,1010.3,1035.85,2340828.0
2023-12-14 00:00:00+05:30,1038.25,1049.8,1029.0,1045.35,1361652.0
2023-12-15 00:00:00+05:30,1050.1,1050.35,1023.1,1026.4,1906773.0
2023-12-18 00:00:00+05:30,1026.4,1042.0,1018.75,1022.15,1467996.0
2023-12-19 00:00:00+05:30,1022.35,1035.0,1009.0,1032.85,1158237.0
2023-12-20 00:00:00+05:30,1035.0,1081.95,1027.0,1032.8,3474204.0
2023-12-21 00:00:00+05:30,1033.0,1097.8,998.55,1092.15,5048465.0
2023-12-22 00:00:00+05:30,1099.9,1099.9,1062.8,1066.4,2781842.0
2023-12-26 00:00:00+05:30,1063.75,1081.0,1046.15,1063.65,1416282.0
2023-12-27 00:00:00+05:30,1065.05,1081.2,1061.7,1069.6,1109660.0
2023-12-28 00:00:00+05:30,1074.8,1094.15,1049.05,1089.7,2344687.0
2023-12-29 00:00:00+05:30,1094.9,1097.0,1072.85,1084.0,1036184.0
2024-01-01 00:00:00+05:30,1085.05,1093.95,1077.05,1080.15,985073.0
2024-01-02 00:00:00+05:30,1082.05,1110.8,1082.05,1091.95,3350206.0
2024-01-03 00:00:00+05:30,1094.0,1100.25,1077.65,1091.3,1736602.0
2024-01-04 00:00:00+05:30,1093.0,1122.0,1090.1,1118.45,1766911.0
2024-01-05 00:00:00+05:30,1118.5,1129.35,1101.0,1123.95,1501322.0
2024-01-08 00:00:00+05:30,1133.0,1135.0,1105.05,1114.85,1775295.0
2024-01-09 00:00:00+05:30,1128.05,1130.0,1116.65,1119.6,1337843.0
2024-01-10 00:00:00+05:30,1119.6,1133.95,1092.0,1123.0,2082640.0
2024-01-11 00:00:00+05:30,1134.0,1134.0,1103.3,1108.0,1879540.0
2024-01-12 00:00:00+05:30,1113.0,1113.0,1082.6,1094.85,1740303.0
2024-01-15 00:00:00+05:30,1100.0,1163.6,1097.35,1149.65,3335872.0
2024-01-16 00:00:00+05:30,1149.65,1149.65,1115.2,1118.85,1916355.0
2024-01-17 00:00:00+05:30,1114.95,1118.35,1083.05,1088.65,2555372.0
2024-01-18 00:00:00+05:30,1087.5,1130.9,1061.4,1124.8,3751754.0
2024-01-19 00:00:00+05:30,1130.0,1155.45,1115.2,1148.7,1860722.0
2024-01-20 00:00:00+05:30,1152.0,1162.95,1140.1,1144.05,1087358.0
2024-01-23 00:00:00+05:30,1159.9,1166.3,1126.05,1133.6,2687597.0
2024-01-24 00:00:00+05:30,1133.6,1165.45,1112.65,1160.1,3035259.0
2024-01-25 00:00:00+05:30,1163.9,1173.9,1140.05,1150.85,1951555.0
2024-01-29 00:00:00+05:30,1151.0,1170.3,1142.05,1160.85,2487620.0
2024-01-30 00:00:00+05:30,1157.0,1177.1,1144.05,1156.05,1317033.0
2024-01-31 00:00:00+05:30,1148.15,1161.7,1121.15,1150.4,6067488.0
2024-02-01 00:00:00+05:30,1155.0,1155.05,1035.4,1070.8,10693504.0
2024-02-02 00:00:00+05:30,1071.1,1075.0,1050.0,1066.75,4136167.0
2024-02-05 00:00:00+05:30,1052.0,1074.3,1009.35,1018.25,9198598.0
2024-02-06 00:00:00+05:30,1026.5,1048.9,1005.25,1014.4,3897286.0
2024-02-07 00:00:00+05:30,1017.65,1022.75,977.0,994.25,6590077.0
2024-02-08 00:00:00+05:30,1002.5,1029.8,997.6,1002.6,3235131.0
2024-02-09 00:00:00+05:30,1012.6,1021.0,977.0,1003.15,3018985.0
2024-02-12 00:00:00+05:30,1035.9,1035.9,1000.05,1018.65,7764030.0
2024-02-13 00:00:00+05:30,1031.9,1040.0,1018.0,1026.4,3447523.0
2024-02-14 00:00:00+05:30,1019.9,1019.9,958.5,996.1,6714469.0
2024-02-15 00:00:00+05:30,998.95,1024.0,996.45,1017.2,3729561.0
2024-02-16 00:00:00+05:30,1024.45,1053.7,1020.6,1034.2,4276343.0
2024-02-19 00:00:00+05:30,1041.05,1056.8,1034.2,1040.9,2374532.0
2024-02-20 00:00:00+05:30,1040.9,1055.1,1025.05,1052.4,1754778.0
2024-02-21 00:00:00+05:30,1052.1,1061.0,1036.45,1040.8,1584527.0
2024-02-22 00:00:00+05:30,1053.95,1053.95,1035.3,1047.0,893988.0
2024-02-23 00:00:00+05:30,1049.0,1054.25,1039.1,1043.8,1093551.0
2024-02-26 00:00:00+05:30,1043.8,1049.0,1019.0,1041.9,3005755.0
2024-02-27 00:00:00+05:30,1037.0,1053.0,1033.6,1045.6,912097.0
2024-02-28 00:00:00+05:30,1049.6,1050.55,1022.2,1028.55,1300541.0
2024-02-29 00:00:00+05:30,1028.55,1032.55,1014.75,1028.1,1882782.0
2024-03-01 00:00:00+05:30,1020.6,1032.45,1011.15,1026.4,2737303.0
2024-03-02 00:00:00+05:30,1041.4,1077.7,1037.15,1076.95,665407.0
2024-03-04 00:00:00+05:30,1080.0,1114.0,1072.0,1090.9,3893794.0
2024-03-05 00:00:00+05:30,1086.1,1098.7,1069.3,1083.85,2278824.0
2024-03-06 00:00:00+05:30,1081.25,1081.8,1038.1,1060.2,1717312.0
2024-03-07 00:00:00+05:30,1060.0,1073.65,1054.45,1058.85,1168234.0
2024-03-11 00:00:00+05:30,1072.0,1076.9,1052.15,1064.7,2372008.0
2024-03-12 00:00:00+05:30,1073.9,1085.0,1037.15,1044.7,1492814.0
2024-03-13 00:00:00+05:30,1051.0,1067.35,985.05,1005.6,2054014.0
2024-03-14 00:00:00+05:30,1005.0,1022.15,990.4,1011.3,1744256.0
2024-03-15 00:00:00+05:30,1010.0,1015.8,984.3,1001.35,2084432.0
2024-03-18 00:00:00+05:30,989.9,1025.0,989.25,1017.6,2266012.0
2024-03-19 00:00:00+05:30,1015.0,1017.0,986.2,990.4,1633129.0
2024-03-20 00:00:00+05:30,1004.0,1022.0,994.05,1017.25,2058203.0
2024-03-21 00:00:00+05:30,1028.3,1030.8,1012.25,1028.25,1235122.0
2024-03-22 00:00:00+05:30,1004.0,1036.3,1004.0,1019.85,1430882.0
2024-03-26 00:00:00+05:30,1002.0,1059.25,995.3,1053.05,1859790.0
2024-03-27 00:00:00+05:30,1050.0,1074.9,1041.6,1070.35,1497184.0
2024-03-28 00:00:00+05:30,1070.35,1099.25,1064.05,1088.75,2060466.0
2024-04-01 00:00:00+05:30,1113.0,1131.55,1104.55,1113.35,2560078.0
2024-04-02 00:00:00+05:30,1114.55,1115.0,1094.05,1101.45,1019400.0
2024-04-03 00:00:00+05:30,1103.0,1150.7,1103.0,1137.65,2589939.0
2024-04-04 00:00:00+05:30,1137.1,1139.05,1115.25,1123.6,2299460.0
2024-04-05 00:00:00+05:30,1123.0,1142.0,1120.3,1123.7,1696633.0
2024-04-08 00:00:00+05:30,1129.9,1129.9,1104.05,1120.25,1961231.0
2024-04-09 00:00:00+05:30,1124.0,1137.25,1116.05,1131.95,770370.0
2024-04-10 00:00:00+05:30,1132.0,1134.9,1105.0,1108.65,1589943.0
2024-04-12 00:00:00+05:30,1110.1,1127.95,1086.0,1088.45,1216798.0
2024-04-15 00:00:00+05:30,1075.0,1095.75,1072.05,1085.3,2423299.0
2024-04-16 00:00:00+05:30,1075.0,1117.2,1069.3,1111.1,1700783.0
2024-04-18 00:00:00+05:30,1113.85,1129.0,1095.8,1114.5,2027734.0
2024-04-19 00:00:00+05:30,1109.0,1109.0,1079.0,1087.05,1304443.0
2024-04-22 00:00:00+05:30,1090.25,1097.65,1074.25,1076.25,1267744.0
2024-04-23 00:00:00+05:30,1085.0,1096.45,1077.05,1093.25,1150312.0
2024-04-24 00:00:00+05:30,1095.2,1097.0,1080.8,1084.05,923839.0
2024-04-25 00:00:00+05:30,1081.05,1106.95,1079.1,1103.4,1642872.0
2024-04-26 00:00:00+05:30,1109.0,1137.5,1104.0,1131.3,1511617.0
2024-04-29 00:00:00+05:30,1137.0,1156.45,1127.25,1151.8,2471250.0
2024-04-30 00:00:00+05:30,1152.8,1175.8,1147.0,1153.5,2442943.0
2024-05-02 00:00:00+05:30,1148.0,1162.95,1145.6,1156.35,713707.0
2024-05-03 00:00:00+05:30,1159.1,1169.6,1145.0,1151.65,802670.0
2024-05-06 00:00:00+05:30,1141.6,1172.0,1141.6,1163.2,1284525.0
2024-05-07 00:00:00+05:30,1170.0,1170.0,1097.1,1124.35,1676642.0
2024-05-08 00:00:00+05:30,1123.8,1145.8,1110.3,1136.1,1129812.0
2024-05-09 00:00:00+05:30,1136.0,1155.0,1112.15,1115.3,1442692.0
2024-05-10 00:00:00+05:30,1115.0,1142.9,1104.25,1127.55,1091418.0
2024-05-13 00:00:00+05:30,1127.5,1185.5,1117.0,1177.6,3504915.0
2024-05-14 00:00:00+05:30,1187.85,1190.2,1152.0,1168.6,1704299.0
2024-05-15 00:00:00+05:30,1169.95,1172.95,1152.0,1158.4,1001585.0
2024-05-16 00:00:00+05:30,1160.85,1165.05,1145.35,1159.95,699002.0
2024-05-17 00:00:00+05:30,1165.0,1185.65,1157.55,1165.05,1301547.0
2024-05-18 00:00:00+05:30,1165.05,1212.0,1165.05,1202.4,415110.0
2024-05-21 00:00:00+05:30,1202.35,1227.0,1185.2,1218.25,2431614.0
2024-05-22 00:00:00+05:30,1220.1,1231.85,1205.65,1222.75,1896537.0
2024-05-23 00:00:00+05:30,1228.9,1235.95,1212.95,1229.85,706992.0
2024-05-24 00:00:00+05:30,1228.5,1245.7,1221.0,1235.05,1220847.0
2024-05-27 00:00:00+05:30,1208.85,1238.7,1191.0,1196.35,4238829.0
2024-05-28 00:00:00+05:30,1215.0,1226.1,1204.25,1221.0,2079792.0
2024-05-29 00:00:00+05:30,1219.55,1230.0,1203.1,1218.9,1130292.0
2024-05-30 00:00:00+05:30,1217.9,1225.8,1196.9,1200.5,913732.0
2024-05-31 00:00:00+05:30,1205.5,1211.9,1162.65,1185.7,2973908.0
2024-06-03 00:00:00+05:30,1229.0,1230.0,1205.55,1227.4,1782095.0
2024-06-04 00:00:00+05:30,1227.45,1232.95,1109.45,1197.35,1434945.0
2024-06-05 00:00:00+05:30,1210.0,1274.55,1197.25,1266.4,1565785.0
2024-06-06 00:00:00+05:30,1267.4,1270.95,1233.85,1251.3,1165617.0
2024-06-07 00:00:00+05:30,1254.05,1292.1,1251.5,1265.15,1879997.0
2024-06-10 00:00:00+05:30,1272.0,1277.65,1228.7,1249.2,2468196.0
2024-06-11 00:00:00+05:30,1250.1,1267.05,1240.0,1257.0,659538.0
2024-06-12 00:00:00+05:30,1257.0,1260.55,1241.0,1248.95,728599.0
2024-06-13 00:00:00+05:30,1250.0,1261.3,1245.5,1254.65,556663.0
2024-06-14 00:00:00+05:30,1226.25,1264.65,1226.25,1259.0,1525146.0
2024-06-18 00:00:00+05:30,1255.1,1268.05,1212.0,1242.7,4445748.0
2024-06-19 00:00:00+05:30,1242.0,1248.05,1217.95,1221.7,1022658.0
2024-06-20 00:00:00+05:30,1220.05,1246.1,1207.8,1243.2,791551.0
2024-06-21 00:00:00+05:30,1245.0,1262.3,1235.0,1241.1,672582.0
2024-06-24 00:00:00+05:30,1234.95,1246.1,1215.05,1218.65,1623690.0
2024-06-25 00:00:00+05:30,1227.0,1227.95,1205.0,1217.95,528259.0
2024-06-26 00:00:00+05:30,1214.95,1220.4,1193.4,1197.95,1956972.0
2024-06-27 00:00:00+05:30,1198.05,1212.0,1180.1,1188.25,4916440.0
2024-06-28 00:00:00+05:30,1195.2,1214.7,1192.0,1207.6,1204101.0
2024-07-01 00:00:00+05:30,1214.05,1226.0,1204.05,1211.8,1447616.0
2024-07-02 00:00:00+05:30,1218.8,1220.95,1203.0,1213.05,529413.0
2024-07-03 00:00:00+05:30,1216.05,1244.0,1208.5,1238.8,1232716.0
2024-07-04 00:00:00+05:30,1238.8,1257.9,1226.5,1254.65,848096.0
2024-07-05 00:00:00+05:30,1255.0,1311.8,1255.0,1303.55,2708670.0
2024-07-08 00:00:00+05:30,1305.1,1327.7,1285.75,1305.4,1486444.0
2024-07-09 00:00:00+05:30,1304.8,1338.0,1290.25,1332.4,1708700.0
2024-07-10 00:00:00+05:30,1335.0,1344.2,1306.0,1337.1,1296174.0
2024-07-11 00:00:00+05:30,1334.0,1338.15,1315.1,1317.9,487859.0
2024-07-12 00:00:00+05:30,1317.9,1330.0,1311.0,1326.85,479843.0
2024-07-15 00:00:00+05:30,1360.0,1409.9,1342.2,1374.85,6364673.0
2024-07-16 00:00:00+05:30,1380.0,1388.05,1367.3,1371.05,1174233.0
2024-07-18 00:00:00+05:30,1371.05,1377.8,1320.1,1336.4,1844711.0
2024-07-19 00:00:00+05:30,1341.35,1353.7,1323.65,1330.8,696142.0
2024-07-22 00:00:00+05:30,1332.0,1363.7,1314.45,1344.55,1403561.0
2024-07-23 00:00:00+05:30,1344.55,1363.8,1318.0,1357.75,650569.0
2024-07-24 00:00:00+05:30,1357.75,1366.7,1348.2,1353.7,504760.0
2024-07-25 00:00:00+05:30,1349.45,1366.4,1340.25,1362.8,530041.0
2024-07-26 00:00:00+05:30,1365.8,1389.0,1360.95,1386.2,862019.0
2024-07-29 00:00:00+05:30,1390.0,1417.0,1387.6,1405.0,2165307.0
2024-07-30 00:00:00+05:30,1399.0,1423.05,1393.6,1399.45,709701.0
2024-07-31 00:00:00+05:30,1399.5,1440.7,1399.45,1434.15,1265697.0
2024-08-01 00:00:00+05:30,1434.1,1441.0,1424.1,1432.85,542547.0
2024-08-02 00:00:00+05:30,1422.1,1450.8,1419.05,1443.3,1187900.0
2024-08-05 00:00:00+05:30,1428.35,1442.0,1408.4,1421.25,1856025.0
2024-08-06 00:00:00+05:30,1421.9,1439.45,1395.0,1401.6,846788.0
2024-08-07 00:00:00+05:30,1416.6,1472.1,1414.25,1465.15,2819701.0
2024-08-08 00:00:00+05:30,1470.0,1487.95,1448.0,1479.3,1977114.0
2024-08-09 00:00:00+05:30,1480.4,1488.3,1431.05,1449.7,1983341.0
2024-08-12 00:00:00+05:30,1460.0,1490.0,1440.6,1461.8,2459665.0
2024-08-13 00:00:00+05:30,1476.0,1533.2,1461.8,1505.8,3867134.0
2024-08-14 00:00:00+05:30,1506.9,1525.0,1474.05,1519.7,1961578.0
2024-08-16 00:00:00+05:30,1525.0,1527.0,1421.45,1502.75,4458082.0
2024-08-19 00:00:00+05:30,1502.1,1536.65,1490.3,1519.2,1472094.0
2024-08-20 00:00:00+05:30,1520.0,1543.25,1515.0,1537.3,1113655.0
2024-08-21 00:00:00+05:30,1537.3,1539.95,1490.1,1511.5,1789751.0
2024-08-22 00:00:00+05:30,1519.0,1539.65,1504.0,1533.85,1063659.0
2024-08-23 00:00:00+05:30,1529.05,1547.0,1525.55,1538.2,852282.0
2024-08-26 00:00:00+05:30,1538.0,1555.15,1531.1,1547.85,738245.0
2024-08-27 00:00:00+05:30,1543.6,1556.15,1537.9,1551.95,434249.0
2024-08-28 00:00:00+05:30,1551.95,1578.35,1544.95,1564.2,999085.0
2024-08-29 00:00:00+05:30,1555.55,1574.9,1555.1,1563.15,573393.0
2024-08-30 00:00:00+05:30,1560.0,1580.6,1551.0,1569.4,1757837.0
2024-09-02 00:00:00+05:30,1580.8,1584.45,1549.1,1553.95,728911.0
2024-09-03 00:00:00+05:30,1553.0,1569.8,1546.4,1549.4,1033542.0
2024-09-04 00:00:00+05:30,1528.0,1556.5,1528.0,1550.15,1069656.0
2024-09-05 00:00:00+05:30,1542.15,1559.0,1529.5,1533.55,1023539.0
2024-09-06 00:00:00+05:30,1533.8,1546.75,1516.25,1537.4,1043914.0
2024-09-09 00:00:00+05:30,1537.35,1540.0,1512.75,1518.5,841713.0
2024-09-10 00:00:00+05:30,1528.0,1534.7,1515.2,1518.4,877176.0
2024-09-11 00:00:00+05:30,1533.6,1546.2,1502.4,1507.4,979903.0
2024-09-12 00:00:00+05:30,1521.5,1578.0,1521.5,1561.45,4067763.0
2024-09-13 00:00:00+05:30,1565.0,1592.0,1555.0,1567.25,1185312.0
